[{"nr":0,"gen_conf":{"seed":123456,"%maps":0.1,"lang":"HaxlDoApp","#levels":10,"#graphs":1},"levels":10,"rounds":10,"fetches":54,"time":5.909},{"nr":0,"gen_conf":{"seed":123456,"%maps":0.15,"lang":"HaxlDoApp","#levels":10,"#graphs":1},"levels":10,"rounds":8,"fetches":47,"time":0.665},{"nr":0,"gen_conf":{"seed":123456,"%maps":0.2,"lang":"HaxlDoApp","#levels":10,"#graphs":1},"levels":10,"rounds":11,"fetches":62,"time":1.25},{"nr":0,"gen_conf":{"seed":123456,"%maps":0.25,"lang":"HaxlDoApp","#levels":10,"#graphs":1},"levels":10,"rounds":16,"fetches":240,"time":2.2009999999999996},{"nr":0,"gen_conf":{"seed":123456,"%maps":0.275,"lang":"HaxlDoApp","#levels":10,"#graphs":1},"levels":10,"rounds":16,"fetches":240,"time":1.391},{"nr":0,"gen_conf":{"seed":123456,"%maps":0.3,"lang":"HaxlDoApp","#levels":10,"#graphs":1},"levels":10,"rounds":22,"fetches":297,"time":19.011},{"nr":0,"gen_conf":{"seed":123456,"%maps":0.325,"lang":"HaxlDoApp","#levels":10,"#graphs":1},"levels":10,"rounds":22,"fetches":297,"time":1.11},{"nr":0,"gen_conf":{"seed":123456,"%maps":0.375,"lang":"HaxlDoApp","#levels":10,"#graphs":1},"levels":10,"rounds":23,"fetches":313,"time":1.085},{"nr":0,"gen_conf":{"seed":123456,"%maps":0.35,"lang":"HaxlDoApp","#levels":10,"#graphs":1},"levels":10,"rounds":22,"fetches":297,"time":0.954},{"nr":0,"gen_conf":{"seed":234567,"%maps":0.1,"lang":"HaxlDoApp","#levels":10,"#graphs":1},"levels":10,"rounds":13,"fetches":45,"time":6.2e-2},{"nr":0,"gen_conf":{"seed":234567,"%maps":0.15,"lang":"HaxlDoApp","#levels":10,"#graphs":1},"levels":10,"rounds":13,"fetches":45,"time":0.193},{"nr":0,"gen_conf":{"seed":234567,"%maps":0.2,"lang":"HaxlDoApp","#levels":10,"#graphs":1},"levels":10,"rounds":10,"fetches":26,"time":4.3000000000000003e-2},{"nr":0,"gen_conf":{"seed":234567,"%maps":0.25,"lang":"HaxlDoApp","#levels":10,"#graphs":1},"levels":10,"rounds":10,"fetches":26,"time":4.1999999999999996e-2},{"nr":0,"gen_conf":{"seed":234567,"%maps":0.275,"lang":"HaxlDoApp","#levels":10,"#graphs":1},"levels":10,"rounds":12,"fetches":29,"time":5.2e-2},{"nr":0,"gen_conf":{"seed":234567,"%maps":0.3,"lang":"HaxlDoApp","#levels":10,"#graphs":1},"levels":10,"rounds":12,"fetches":29,"time":4.9e-2},{"nr":0,"gen_conf":{"seed":234567,"%maps":0.325,"lang":"HaxlDoApp","#levels":10,"#graphs":1},"levels":10,"rounds":17,"fetches":80,"time":0.10500000000000001},{"nr":0,"gen_conf":{"seed":234567,"%maps":0.375,"lang":"HaxlDoApp","#levels":10,"#graphs":1},"levels":10,"rounds":21,"fetches":156,"time":0.505},{"nr":0,"gen_conf":{"seed":234567,"%maps":0.35,"lang":"HaxlDoApp","#levels":10,"#graphs":1},"levels":10,"rounds":17,"fetches":80,"time":0.171}]