[{"nr":0,"gen_conf":{"seed":123456,"%ifs":0.7,"inline_if":true,"lang":"HaxlDoApp","#levels":30,"#graphs":1},"levels":30,"rounds":26,"fetches":45,"time":7.243},{"nr":0,"gen_conf":{"seed":123456,"%ifs":0.7,"inline_if":false,"lang":"HaxlDoApp","#levels":30,"#graphs":1},"levels":30,"rounds":38,"fetches":68,"time":1.811},{"nr":0,"gen_conf":{"seed":123456,"%ifs":0.8,"inline_if":true,"lang":"HaxlDoApp","#levels":30,"#graphs":1},"levels":30,"rounds":31,"fetches":60,"time":1.889},{"nr":0,"gen_conf":{"seed":123456,"%ifs":0.8,"inline_if":false,"lang":"HaxlDoApp","#levels":30,"#graphs":1},"levels":30,"rounds":51,"fetches":95,"time":3.402},{"nr":0,"gen_conf":{"seed":123456,"%ifs":0.9,"inline_if":true,"lang":"HaxlDoApp","#levels":30,"#graphs":1},"levels":30,"rounds":31,"fetches":60,"time":1.913},{"nr":0,"gen_conf":{"seed":123456,"%ifs":0.9,"inline_if":false,"lang":"HaxlDoApp","#levels":30,"#graphs":1},"levels":30,"rounds":51,"fetches":95,"time":3.079},{"nr":0,"gen_conf":{"seed":123456,"%ifs":1,"inline_if":true,"lang":"HaxlDoApp","#levels":30,"#graphs":1},"levels":30,"rounds":34,"fetches":66,"time":2.2569999999999997},{"nr":0,"gen_conf":{"seed":123456,"%ifs":1,"inline_if":false,"lang":"HaxlDoApp","#levels":30,"#graphs":1},"levels":30,"rounds":53,"fetches":103,"time":2.853},{"nr":0,"gen_conf":{"seed":234567,"%ifs":0.7,"inline_if":true,"lang":"HaxlDoApp","#levels":30,"#graphs":1},"levels":30,"rounds":26,"fetches":48,"time":20.639999999999997},{"nr":0,"gen_conf":{"seed":234567,"%ifs":0.7,"inline_if":false,"lang":"HaxlDoApp","#levels":30,"#graphs":1},"levels":30,"rounds":40,"fetches":66,"time":0.414},{"nr":0,"gen_conf":{"seed":234567,"%ifs":0.8,"inline_if":true,"lang":"HaxlDoApp","#levels":30,"#graphs":1},"levels":30,"rounds":27,"fetches":44,"time":0.11900000000000001},{"nr":0,"gen_conf":{"seed":234567,"%ifs":0.8,"inline_if":false,"lang":"HaxlDoApp","#levels":30,"#graphs":1},"levels":30,"rounds":39,"fetches":64,"time":0.808},{"nr":0,"gen_conf":{"seed":234567,"%ifs":0.9,"inline_if":true,"lang":"HaxlDoApp","#levels":30,"#graphs":1},"levels":30,"rounds":26,"fetches":57,"time":0.42700000000000005},{"nr":0,"gen_conf":{"seed":234567,"%ifs":0.9,"inline_if":false,"lang":"HaxlDoApp","#levels":30,"#graphs":1},"levels":30,"rounds":45,"fetches":90,"time":0.787},{"nr":0,"gen_conf":{"seed":234567,"%ifs":1,"inline_if":true,"lang":"HaxlDoApp","#levels":30,"#graphs":1},"levels":30,"rounds":28,"fetches":65,"time":0.8400000000000001},{"nr":0,"gen_conf":{"seed":234567,"%ifs":1,"inline_if":false,"lang":"HaxlDoApp","#levels":30,"#graphs":1},"levels":30,"rounds":50,"fetches":115,"time":0.751}]