[{"nr":0,"gen_conf":{"seed":123456,"lang":"HaxlDoApp","#levels":20,"#graphs":100},"levels":10,"rounds":9,"fetches":12,"time":6.678},{"nr":1,"gen_conf":{"seed":123456,"lang":"HaxlDoApp","#levels":20,"#graphs":100},"levels":10,"rounds":5,"fetches":8,"time":5.8e-2},{"nr":2,"gen_conf":{"seed":123456,"lang":"HaxlDoApp","#levels":20,"#graphs":100},"levels":10,"rounds":6,"fetches":12,"time":0.46},{"nr":3,"gen_conf":{"seed":123456,"lang":"HaxlDoApp","#levels":20,"#graphs":100},"levels":10,"rounds":7,"fetches":11,"time":0.398},{"nr":4,"gen_conf":{"seed":123456,"lang":"HaxlDoApp","#levels":20,"#graphs":100},"levels":10,"rounds":9,"fetches":10,"time":0.441},{"nr":0,"gen_conf":{"seed":123456,"lang":"HaxlDoApp","#levels":20,"#graphs":100},"levels":11,"rounds":6,"fetches":7,"time":0.434},{"nr":1,"gen_conf":{"seed":123456,"lang":"HaxlDoApp","#levels":20,"#graphs":100},"levels":11,"rounds":8,"fetches":11,"time":0.11299999999999999},{"nr":2,"gen_conf":{"seed":123456,"lang":"HaxlDoApp","#levels":20,"#graphs":100},"levels":11,"rounds":9,"fetches":17,"time":0.6819999999999999},{"nr":3,"gen_conf":{"seed":123456,"lang":"HaxlDoApp","#levels":20,"#graphs":100},"levels":11,"rounds":10,"fetches":13,"time":4.8e-2},{"nr":4,"gen_conf":{"seed":123456,"lang":"HaxlDoApp","#levels":20,"#graphs":100},"levels":11,"rounds":6,"fetches":10,"time":0.308},{"nr":0,"gen_conf":{"seed":123456,"lang":"HaxlDoApp","#levels":20,"#graphs":100},"levels":12,"rounds":9,"fetches":11,"time":0.517},{"nr":1,"gen_conf":{"seed":123456,"lang":"HaxlDoApp","#levels":20,"#graphs":100},"levels":12,"rounds":8,"fetches":14,"time":5.0e-2},{"nr":2,"gen_conf":{"seed":123456,"lang":"HaxlDoApp","#levels":20,"#graphs":100},"levels":12,"rounds":8,"fetches":9,"time":0.673},{"nr":3,"gen_conf":{"seed":123456,"lang":"HaxlDoApp","#levels":20,"#graphs":100},"levels":12,"rounds":9,"fetches":15,"time":5.1e-2},{"nr":4,"gen_conf":{"seed":123456,"lang":"HaxlDoApp","#levels":20,"#graphs":100},"levels":12,"rounds":7,"fetches":12,"time":1.5410000000000001},{"nr":0,"gen_conf":{"seed":123456,"lang":"HaxlDoApp","#levels":20,"#graphs":100},"levels":13,"rounds":11,"fetches":17,"time":0.8180000000000001},{"nr":1,"gen_conf":{"seed":123456,"lang":"HaxlDoApp","#levels":20,"#graphs":100},"levels":13,"rounds":11,"fetches":23,"time":0.37},{"nr":2,"gen_conf":{"seed":123456,"lang":"HaxlDoApp","#levels":20,"#graphs":100},"levels":13,"rounds":11,"fetches":13,"time":0.495},{"nr":3,"gen_conf":{"seed":123456,"lang":"HaxlDoApp","#levels":20,"#graphs":100},"levels":13,"rounds":10,"fetches":15,"time":0.778},{"nr":4,"gen_conf":{"seed":123456,"lang":"HaxlDoApp","#levels":20,"#graphs":100},"levels":13,"rounds":9,"fetches":11,"time":0.40700000000000003},{"nr":0,"gen_conf":{"seed":123456,"lang":"HaxlDoApp","#levels":20,"#graphs":100},"levels":14,"rounds":11,"fetches":21,"time":0.634},{"nr":1,"gen_conf":{"seed":123456,"lang":"HaxlDoApp","#levels":20,"#graphs":100},"levels":14,"rounds":8,"fetches":14,"time":3.4e-2},{"nr":2,"gen_conf":{"seed":123456,"lang":"HaxlDoApp","#levels":20,"#graphs":100},"levels":14,"rounds":9,"fetches":11,"time":0.569},{"nr":3,"gen_conf":{"seed":123456,"lang":"HaxlDoApp","#levels":20,"#graphs":100},"levels":14,"rounds":12,"fetches":22,"time":5.6e-2},{"nr":4,"gen_conf":{"seed":123456,"lang":"HaxlDoApp","#levels":20,"#graphs":100},"levels":14,"rounds":11,"fetches":14,"time":0.662},{"nr":0,"gen_conf":{"seed":123456,"lang":"HaxlDoApp","#levels":20,"#graphs":100},"levels":15,"rounds":10,"fetches":16,"time":0.5770000000000001},{"nr":1,"gen_conf":{"seed":123456,"lang":"HaxlDoApp","#levels":20,"#graphs":100},"levels":15,"rounds":11,"fetches":15,"time":0.731},{"nr":2,"gen_conf":{"seed":123456,"lang":"HaxlDoApp","#levels":20,"#graphs":100},"levels":15,"rounds":13,"fetches":22,"time":20.178},{"nr":3,"gen_conf":{"seed":123456,"lang":"HaxlDoApp","#levels":20,"#graphs":100},"levels":15,"rounds":7,"fetches":13,"time":2.8e-2},{"nr":4,"gen_conf":{"seed":123456,"lang":"HaxlDoApp","#levels":20,"#graphs":100},"levels":15,"rounds":10,"fetches":13,"time":2.8e-2},{"nr":0,"gen_conf":{"seed":123456,"lang":"HaxlDoApp","#levels":20,"#graphs":100},"levels":16,"rounds":11,"fetches":17,"time":3.7e-2},{"nr":1,"gen_conf":{"seed":123456,"lang":"HaxlDoApp","#levels":20,"#graphs":100},"levels":16,"rounds":14,"fetches":20,"time":4.7e-2},{"nr":2,"gen_conf":{"seed":123456,"lang":"HaxlDoApp","#levels":20,"#graphs":100},"levels":16,"rounds":12,"fetches":15,"time":3.4e-2},{"nr":3,"gen_conf":{"seed":123456,"lang":"HaxlDoApp","#levels":20,"#graphs":100},"levels":16,"rounds":11,"fetches":16,"time":3.6000000000000004e-2},{"nr":4,"gen_conf":{"seed":123456,"lang":"HaxlDoApp","#levels":20,"#graphs":100},"levels":16,"rounds":12,"fetches":15,"time":3.4e-2},{"nr":0,"gen_conf":{"seed":123456,"lang":"HaxlDoApp","#levels":20,"#graphs":100},"levels":17,"rounds":12,"fetches":20,"time":4.6e-2},{"nr":1,"gen_conf":{"seed":123456,"lang":"HaxlDoApp","#levels":20,"#graphs":100},"levels":17,"rounds":12,"fetches":19,"time":4.1999999999999996e-2},{"nr":2,"gen_conf":{"seed":123456,"lang":"HaxlDoApp","#levels":20,"#graphs":100},"levels":17,"rounds":14,"fetches":20,"time":5.9e-2},{"nr":3,"gen_conf":{"seed":123456,"lang":"HaxlDoApp","#levels":20,"#graphs":100},"levels":17,"rounds":12,"fetches":14,"time":0.337},{"nr":4,"gen_conf":{"seed":123456,"lang":"HaxlDoApp","#levels":20,"#graphs":100},"levels":17,"rounds":9,"fetches":10,"time":2.7e-2},{"nr":0,"gen_conf":{"seed":123456,"lang":"HaxlDoApp","#levels":20,"#graphs":100},"levels":18,"rounds":12,"fetches":15,"time":3.4e-2},{"nr":1,"gen_conf":{"seed":123456,"lang":"HaxlDoApp","#levels":20,"#graphs":100},"levels":18,"rounds":11,"fetches":17,"time":3.9e-2},{"nr":2,"gen_conf":{"seed":123456,"lang":"HaxlDoApp","#levels":20,"#graphs":100},"levels":18,"rounds":11,"fetches":17,"time":3.9e-2},{"nr":3,"gen_conf":{"seed":123456,"lang":"HaxlDoApp","#levels":20,"#graphs":100},"levels":18,"rounds":13,"fetches":19,"time":4.0e-2},{"nr":4,"gen_conf":{"seed":123456,"lang":"HaxlDoApp","#levels":20,"#graphs":100},"levels":18,"rounds":11,"fetches":19,"time":4.3000000000000003e-2},{"nr":0,"gen_conf":{"seed":123456,"lang":"HaxlDoApp","#levels":20,"#graphs":100},"levels":19,"rounds":13,"fetches":25,"time":5.8e-2},{"nr":1,"gen_conf":{"seed":123456,"lang":"HaxlDoApp","#levels":20,"#graphs":100},"levels":19,"rounds":15,"fetches":24,"time":5.5e-2},{"nr":2,"gen_conf":{"seed":123456,"lang":"HaxlDoApp","#levels":20,"#graphs":100},"levels":19,"rounds":17,"fetches":25,"time":5.1e-2},{"nr":3,"gen_conf":{"seed":123456,"lang":"HaxlDoApp","#levels":20,"#graphs":100},"levels":19,"rounds":14,"fetches":20,"time":4.3000000000000003e-2},{"nr":4,"gen_conf":{"seed":123456,"lang":"HaxlDoApp","#levels":20,"#graphs":100},"levels":19,"rounds":14,"fetches":15,"time":0.36200000000000004},{"nr":0,"gen_conf":{"seed":123456,"lang":"HaxlDoApp","#levels":20,"#graphs":100},"levels":1,"rounds":1,"fetches":1,"time":2.0e-3},{"nr":1,"gen_conf":{"seed":123456,"lang":"HaxlDoApp","#levels":20,"#graphs":100},"levels":1,"rounds":0,"fetches":0,"time":0},{"nr":2,"gen_conf":{"seed":123456,"lang":"HaxlDoApp","#levels":20,"#graphs":100},"levels":1,"rounds":0,"fetches":0,"time":0},{"nr":3,"gen_conf":{"seed":123456,"lang":"HaxlDoApp","#levels":20,"#graphs":100},"levels":1,"rounds":0,"fetches":0,"time":0},{"nr":4,"gen_conf":{"seed":123456,"lang":"HaxlDoApp","#levels":20,"#graphs":100},"levels":1,"rounds":0,"fetches":0,"time":0},{"nr":0,"gen_conf":{"seed":123456,"lang":"HaxlDoApp","#levels":20,"#graphs":100},"levels":20,"rounds":15,"fetches":21,"time":4.9e-2},{"nr":1,"gen_conf":{"seed":123456,"lang":"HaxlDoApp","#levels":20,"#graphs":100},"levels":20,"rounds":13,"fetches":17,"time":3.4e-2},{"nr":2,"gen_conf":{"seed":123456,"lang":"HaxlDoApp","#levels":20,"#graphs":100},"levels":20,"rounds":17,"fetches":26,"time":5.5e-2},{"nr":3,"gen_conf":{"seed":123456,"lang":"HaxlDoApp","#levels":20,"#graphs":100},"levels":20,"rounds":16,"fetches":26,"time":5.5e-2},{"nr":4,"gen_conf":{"seed":123456,"lang":"HaxlDoApp","#levels":20,"#graphs":100},"levels":20,"rounds":15,"fetches":21,"time":0.528},{"nr":0,"gen_conf":{"seed":123456,"lang":"HaxlDoApp","#levels":20,"#graphs":100},"levels":2,"rounds":1,"fetches":1,"time":3.0e-3},{"nr":1,"gen_conf":{"seed":123456,"lang":"HaxlDoApp","#levels":20,"#graphs":100},"levels":2,"rounds":1,"fetches":1,"time":2.0e-3},{"nr":2,"gen_conf":{"seed":123456,"lang":"HaxlDoApp","#levels":20,"#graphs":100},"levels":2,"rounds":2,"fetches":3,"time":5.0e-3},{"nr":3,"gen_conf":{"seed":123456,"lang":"HaxlDoApp","#levels":20,"#graphs":100},"levels":2,"rounds":1,"fetches":1,"time":2.0e-3},{"nr":4,"gen_conf":{"seed":123456,"lang":"HaxlDoApp","#levels":20,"#graphs":100},"levels":2,"rounds":1,"fetches":2,"time":3.0e-3},{"nr":0,"gen_conf":{"seed":123456,"lang":"HaxlDoApp","#levels":20,"#graphs":100},"levels":3,"rounds":2,"fetches":5,"time":8.0e-3},{"nr":1,"gen_conf":{"seed":123456,"lang":"HaxlDoApp","#levels":20,"#graphs":100},"levels":3,"rounds":2,"fetches":2,"time":3.0e-3},{"nr":2,"gen_conf":{"seed":123456,"lang":"HaxlDoApp","#levels":20,"#graphs":100},"levels":3,"rounds":3,"fetches":4,"time":6.0e-3},{"nr":3,"gen_conf":{"seed":123456,"lang":"HaxlDoApp","#levels":20,"#graphs":100},"levels":3,"rounds":3,"fetches":4,"time":5.0e-3},{"nr":4,"gen_conf":{"seed":123456,"lang":"HaxlDoApp","#levels":20,"#graphs":100},"levels":3,"rounds":2,"fetches":2,"time":4.0e-3},{"nr":0,"gen_conf":{"seed":123456,"lang":"HaxlDoApp","#levels":20,"#graphs":100},"levels":4,"rounds":3,"fetches":3,"time":5.0e-3},{"nr":1,"gen_conf":{"seed":123456,"lang":"HaxlDoApp","#levels":20,"#graphs":100},"levels":4,"rounds":2,"fetches":2,"time":3.0e-3},{"nr":2,"gen_conf":{"seed":123456,"lang":"HaxlDoApp","#levels":20,"#graphs":100},"levels":4,"rounds":2,"fetches":4,"time":8.0e-3},{"nr":3,"gen_conf":{"seed":123456,"lang":"HaxlDoApp","#levels":20,"#graphs":100},"levels":4,"rounds":2,"fetches":2,"time":3.0e-3},{"nr":4,"gen_conf":{"seed":123456,"lang":"HaxlDoApp","#levels":20,"#graphs":100},"levels":4,"rounds":3,"fetches":3,"time":5.0e-3},{"nr":0,"gen_conf":{"seed":123456,"lang":"HaxlDoApp","#levels":20,"#graphs":100},"levels":5,"rounds":2,"fetches":4,"time":7.0e-3},{"nr":1,"gen_conf":{"seed":123456,"lang":"HaxlDoApp","#levels":20,"#graphs":100},"levels":5,"rounds":4,"fetches":5,"time":1.1e-2},{"nr":2,"gen_conf":{"seed":123456,"lang":"HaxlDoApp","#levels":20,"#graphs":100},"levels":5,"rounds":4,"fetches":5,"time":7.0e-3},{"nr":3,"gen_conf":{"seed":123456,"lang":"HaxlDoApp","#levels":20,"#graphs":100},"levels":5,"rounds":3,"fetches":4,"time":7.0e-3},{"nr":4,"gen_conf":{"seed":123456,"lang":"HaxlDoApp","#levels":20,"#graphs":100},"levels":5,"rounds":3,"fetches":6,"time":9.000000000000001e-3},{"nr":0,"gen_conf":{"seed":123456,"lang":"HaxlDoApp","#levels":20,"#graphs":100},"levels":6,"rounds":5,"fetches":6,"time":0.364},{"nr":1,"gen_conf":{"seed":123456,"lang":"HaxlDoApp","#levels":20,"#graphs":100},"levels":6,"rounds":4,"fetches":4,"time":8.0e-3},{"nr":2,"gen_conf":{"seed":123456,"lang":"HaxlDoApp","#levels":20,"#graphs":100},"levels":6,"rounds":4,"fetches":4,"time":1.1e-2},{"nr":3,"gen_conf":{"seed":123456,"lang":"HaxlDoApp","#levels":20,"#graphs":100},"levels":6,"rounds":4,"fetches":5,"time":9.000000000000001e-3},{"nr":4,"gen_conf":{"seed":123456,"lang":"HaxlDoApp","#levels":20,"#graphs":100},"levels":6,"rounds":5,"fetches":6,"time":1.2e-2},{"nr":0,"gen_conf":{"seed":123456,"lang":"HaxlDoApp","#levels":20,"#graphs":100},"levels":7,"rounds":4,"fetches":7,"time":1.5000000000000001e-2},{"nr":1,"gen_conf":{"seed":123456,"lang":"HaxlDoApp","#levels":20,"#graphs":100},"levels":7,"rounds":3,"fetches":4,"time":7.0e-3},{"nr":2,"gen_conf":{"seed":123456,"lang":"HaxlDoApp","#levels":20,"#graphs":100},"levels":7,"rounds":6,"fetches":7,"time":1.5000000000000001e-2},{"nr":3,"gen_conf":{"seed":123456,"lang":"HaxlDoApp","#levels":20,"#graphs":100},"levels":7,"rounds":3,"fetches":5,"time":1.0e-2},{"nr":4,"gen_conf":{"seed":123456,"lang":"HaxlDoApp","#levels":20,"#graphs":100},"levels":7,"rounds":4,"fetches":8,"time":1.7e-2},{"nr":0,"gen_conf":{"seed":123456,"lang":"HaxlDoApp","#levels":20,"#graphs":100},"levels":8,"rounds":8,"fetches":10,"time":1.7e-2},{"nr":1,"gen_conf":{"seed":123456,"lang":"HaxlDoApp","#levels":20,"#graphs":100},"levels":8,"rounds":4,"fetches":6,"time":1.4e-2},{"nr":2,"gen_conf":{"seed":123456,"lang":"HaxlDoApp","#levels":20,"#graphs":100},"levels":8,"rounds":6,"fetches":10,"time":2.0999999999999998e-2},{"nr":3,"gen_conf":{"seed":123456,"lang":"HaxlDoApp","#levels":20,"#graphs":100},"levels":8,"rounds":4,"fetches":4,"time":1.0e-2},{"nr":4,"gen_conf":{"seed":123456,"lang":"HaxlDoApp","#levels":20,"#graphs":100},"levels":8,"rounds":6,"fetches":11,"time":1.9e-2},{"nr":0,"gen_conf":{"seed":123456,"lang":"HaxlDoApp","#levels":20,"#graphs":100},"levels":9,"rounds":6,"fetches":9,"time":2.2e-2},{"nr":1,"gen_conf":{"seed":123456,"lang":"HaxlDoApp","#levels":20,"#graphs":100},"levels":9,"rounds":6,"fetches":11,"time":2.3e-2},{"nr":2,"gen_conf":{"seed":123456,"lang":"HaxlDoApp","#levels":20,"#graphs":100},"levels":9,"rounds":7,"fetches":14,"time":3.0000000000000002e-2},{"nr":3,"gen_conf":{"seed":123456,"lang":"HaxlDoApp","#levels":20,"#graphs":100},"levels":9,"rounds":6,"fetches":9,"time":2.3e-2},{"nr":4,"gen_conf":{"seed":123456,"lang":"HaxlDoApp","#levels":20,"#graphs":100},"levels":9,"rounds":8,"fetches":12,"time":2.3e-2}]