[{"nr":0,"gen_conf":{"seed":123456,"%funs":0.1,"lang":"HaxlDoApp","#levels":10,"#graphs":1},"levels":10,"rounds":10,"fetches":21,"time":6.025},{"nr":0,"gen_conf":{"seed":123456,"%funs":0.15,"lang":"HaxlDoApp","#levels":10,"#graphs":1},"levels":10,"rounds":8,"fetches":20,"time":0.803},{"nr":0,"gen_conf":{"seed":123456,"%funs":0.2,"lang":"HaxlDoApp","#levels":10,"#graphs":1},"levels":10,"rounds":11,"fetches":26,"time":0.533},{"nr":0,"gen_conf":{"seed":123456,"%funs":0.25,"lang":"HaxlDoApp","#levels":10,"#graphs":1},"levels":10,"rounds":15,"fetches":34,"time":0.734},{"nr":0,"gen_conf":{"seed":123456,"%funs":0.275,"lang":"HaxlDoApp","#levels":10,"#graphs":1},"levels":10,"rounds":15,"fetches":34,"time":3.321},{"nr":0,"gen_conf":{"seed":123456,"%funs":0.3,"lang":"HaxlDoApp","#levels":10,"#graphs":1},"levels":10,"rounds":22,"fetches":49,"time":12.597000000000001},{"nr":0,"gen_conf":{"seed":123456,"%funs":0.325,"lang":"HaxlDoApp","#levels":10,"#graphs":1},"levels":10,"rounds":22,"fetches":49,"time":35.187999999999995},{"nr":0,"gen_conf":{"seed":123456,"%funs":0.375,"lang":"HaxlDoApp","#levels":10,"#graphs":1},"levels":10,"rounds":22,"fetches":49,"time":2.8600000000000003},{"nr":0,"gen_conf":{"seed":123456,"%funs":0.35,"lang":"HaxlDoApp","#levels":10,"#graphs":1},"levels":10,"rounds":22,"fetches":49,"time":2.938},{"nr":0,"gen_conf":{"seed":234567,"%funs":0.1,"lang":"HaxlDoApp","#levels":10,"#graphs":1},"levels":10,"rounds":13,"fetches":22,"time":0.171},{"nr":0,"gen_conf":{"seed":234567,"%funs":0.15,"lang":"HaxlDoApp","#levels":10,"#graphs":1},"levels":10,"rounds":13,"fetches":22,"time":2.593},{"nr":0,"gen_conf":{"seed":234567,"%funs":0.2,"lang":"HaxlDoApp","#levels":10,"#graphs":1},"levels":10,"rounds":10,"fetches":19,"time":6.8e-2},{"nr":0,"gen_conf":{"seed":234567,"%funs":0.25,"lang":"HaxlDoApp","#levels":10,"#graphs":1},"levels":10,"rounds":10,"fetches":19,"time":2.949},{"nr":0,"gen_conf":{"seed":234567,"%funs":0.275,"lang":"HaxlDoApp","#levels":10,"#graphs":1},"levels":10,"rounds":12,"fetches":21,"time":7.200000000000001e-2},{"nr":0,"gen_conf":{"seed":234567,"%funs":0.3,"lang":"HaxlDoApp","#levels":10,"#graphs":1},"levels":10,"rounds":12,"fetches":21,"time":55.668},{"nr":0,"gen_conf":{"seed":234567,"%funs":0.325,"lang":"HaxlDoApp","#levels":10,"#graphs":1},"levels":10,"rounds":16,"fetches":32,"time":0.504},{"nr":0,"gen_conf":{"seed":234567,"%funs":0.375,"lang":"HaxlDoApp","#levels":10,"#graphs":1},"levels":10,"rounds":21,"fetches":45,"time":0.609},{"nr":0,"gen_conf":{"seed":234567,"%funs":0.35,"lang":"HaxlDoApp","#levels":10,"#graphs":1},"levels":10,"rounds":16,"fetches":32,"time":0.30200000000000005}]