[{"nr":0,"gen_conf":{"seed":123456,"%ifs":0.7,"+slow":true,"inline_if":true,"lang":"HaxlDoApp","#levels":30,"#graphs":1},"levels":30,"rounds":36,"fetches":73,"time":20044.440000000002},{"nr":0,"gen_conf":{"seed":123456,"%ifs":0.7,"+slow":true,"inline_if":false,"lang":"HaxlDoApp","#levels":30,"#graphs":1},"levels":30,"rounds":57,"fetches":118,"time":34126.797000000006},{"nr":0,"gen_conf":{"seed":123456,"%ifs":0.8,"+slow":true,"inline_if":true,"lang":"HaxlDoApp","#levels":30,"#graphs":1},"levels":30,"rounds":39,"fetches":79,"time":23024.707},{"nr":0,"gen_conf":{"seed":123456,"%ifs":0.8,"+slow":true,"inline_if":false,"lang":"HaxlDoApp","#levels":30,"#graphs":1},"levels":30,"rounds":65,"fetches":132,"time":40010.63},{"nr":0,"gen_conf":{"seed":123456,"%ifs":0.9,"+slow":true,"inline_if":true,"lang":"HaxlDoApp","#levels":30,"#graphs":1},"levels":30,"rounds":39,"fetches":75,"time":23747.684},{"nr":0,"gen_conf":{"seed":123456,"%ifs":0.9,"+slow":true,"inline_if":false,"lang":"HaxlDoApp","#levels":30,"#graphs":1},"levels":30,"rounds":65,"fetches":125,"time":44206.263},{"nr":0,"gen_conf":{"seed":123456,"%ifs":1,"+slow":true,"inline_if":true,"lang":"HaxlDoApp","#levels":30,"#graphs":1},"levels":30,"rounds":39,"fetches":81,"time":24430.256},{"nr":0,"gen_conf":{"seed":123456,"%ifs":1,"+slow":true,"inline_if":false,"lang":"HaxlDoApp","#levels":30,"#graphs":1},"levels":30,"rounds":67,"fetches":133,"time":44096.733},{"nr":0,"gen_conf":{"seed":234567,"%ifs":0.7,"+slow":true,"inline_if":true,"lang":"HaxlDoApp","#levels":30,"#graphs":1},"levels":30,"rounds":35,"fetches":60,"time":19015.045000000002},{"nr":0,"gen_conf":{"seed":234567,"%ifs":0.7,"+slow":true,"inline_if":false,"lang":"HaxlDoApp","#levels":30,"#graphs":1},"levels":30,"rounds":58,"fetches":99,"time":35061.094},{"nr":0,"gen_conf":{"seed":234567,"%ifs":0.8,"+slow":true,"inline_if":true,"lang":"HaxlDoApp","#levels":30,"#graphs":1},"levels":30,"rounds":36,"fetches":64,"time":20723.738999999998},{"nr":0,"gen_conf":{"seed":234567,"%ifs":0.8,"+slow":true,"inline_if":false,"lang":"HaxlDoApp","#levels":30,"#graphs":1},"levels":30,"rounds":59,"fetches":105,"time":37462.915},{"nr":0,"gen_conf":{"seed":234567,"%ifs":0.9,"+slow":true,"inline_if":true,"lang":"HaxlDoApp","#levels":30,"#graphs":1},"levels":30,"rounds":36,"fetches":70,"time":22103.421000000002},{"nr":0,"gen_conf":{"seed":234567,"%ifs":0.9,"+slow":true,"inline_if":false,"lang":"HaxlDoApp","#levels":30,"#graphs":1},"levels":30,"rounds":62,"fetches":117,"time":39786.271},{"nr":0,"gen_conf":{"seed":234567,"%ifs":1,"+slow":true,"inline_if":true,"lang":"HaxlDoApp","#levels":30,"#graphs":1},"levels":30,"rounds":38,"fetches":85,"time":23423.311},{"nr":0,"gen_conf":{"seed":234567,"%ifs":1,"+slow":true,"inline_if":false,"lang":"HaxlDoApp","#levels":30,"#graphs":1},"levels":30,"rounds":64,"fetches":133,"time":45994.606}]