[{"nr":0,"gen_conf":{"seed":123456,"%funs":0.1,"lang":"HaxlDoApp","#levels":10,"#graphs":1},"levels":10,"rounds":11,"fetches":22,"time":5.19},{"nr":0,"gen_conf":{"seed":123456,"%funs":0.2,"lang":"HaxlDoApp","#levels":10,"#graphs":1},"levels":10,"rounds":14,"fetches":36,"time":0.734},{"nr":0,"gen_conf":{"seed":123456,"%funs":0.3,"lang":"HaxlDoApp","#levels":10,"#graphs":1},"levels":10,"rounds":23,"fetches":59,"time":1.466},{"nr":0,"gen_conf":{"seed":123456,"%funs":0.4,"lang":"HaxlDoApp","#levels":10,"#graphs":1},"levels":10,"rounds":28,"fetches":72,"time":1.943},{"nr":0,"gen_conf":{"seed":234567,"%funs":0.1,"lang":"HaxlDoApp","#levels":10,"#graphs":1},"levels":10,"rounds":10,"fetches":17,"time":6.4e-2},{"nr":0,"gen_conf":{"seed":234567,"%funs":0.2,"lang":"HaxlDoApp","#levels":10,"#graphs":1},"levels":10,"rounds":20,"fetches":38,"time":2.604},{"nr":0,"gen_conf":{"seed":234567,"%funs":0.3,"lang":"HaxlDoApp","#levels":10,"#graphs":1},"levels":10,"rounds":22,"fetches":41,"time":0.91},{"nr":0,"gen_conf":{"seed":234567,"%funs":0.4,"lang":"HaxlDoApp","#levels":10,"#graphs":1},"levels":10,"rounds":29,"fetches":70,"time":1.461}]