[{"fetches":21,"rounds":8,"levels":10,"read_requests":21,"write_requests":0,"time":328.969988,"gen_conf":{"lang":"Ohua","#graphs":1,"#levels":10,"%funs":0.1,"seed":123456}},{"fetches":20,"rounds":7,"levels":10,"read_requests":20,"write_requests":0,"time":197.70996,"gen_conf":{"lang":"Ohua","#graphs":1,"#levels":10,"%funs":0.15,"seed":123456}},{"fetches":26,"rounds":9,"levels":10,"read_requests":26,"write_requests":0,"time":236.816485,"gen_conf":{"lang":"Ohua","#graphs":1,"#levels":10,"%funs":0.2,"seed":123456}},{"fetches":34,"rounds":11,"levels":10,"read_requests":34,"write_requests":0,"time":299.078962,"gen_conf":{"lang":"Ohua","#graphs":1,"#levels":10,"%funs":0.25,"seed":123456}},{"fetches":34,"rounds":11,"levels":10,"read_requests":34,"write_requests":0,"time":219.016972,"gen_conf":{"lang":"Ohua","#graphs":1,"#levels":10,"%funs":0.275,"seed":123456}},{"fetches":49,"rounds":16,"levels":10,"read_requests":49,"write_requests":0,"time":532.267027,"gen_conf":{"lang":"Ohua","#graphs":1,"#levels":10,"%funs":0.3,"seed":123456}},{"fetches":49,"rounds":16,"levels":10,"read_requests":49,"write_requests":0,"time":491.67136,"gen_conf":{"lang":"Ohua","#graphs":1,"#levels":10,"%funs":0.325,"seed":123456}},{"fetches":49,"rounds":16,"levels":10,"read_requests":49,"write_requests":0,"time":513.694212,"gen_conf":{"lang":"Ohua","#graphs":1,"#levels":10,"%funs":0.375,"seed":123456}},{"fetches":49,"rounds":16,"levels":10,"read_requests":49,"write_requests":0,"time":439.854816,"gen_conf":{"lang":"Ohua","#graphs":1,"#levels":10,"%funs":0.35,"seed":123456}},{"fetches":22,"rounds":11,"levels":10,"read_requests":22,"write_requests":0,"time":75.212756,"gen_conf":{"lang":"Ohua","#graphs":1,"#levels":10,"%funs":0.1,"seed":234567}},{"fetches":22,"rounds":11,"levels":10,"read_requests":22,"write_requests":0,"time":67.81401,"gen_conf":{"lang":"Ohua","#graphs":1,"#levels":10,"%funs":0.15,"seed":234567}},{"fetches":19,"rounds":8,"levels":10,"read_requests":19,"write_requests":0,"time":66.824662,"gen_conf":{"lang":"Ohua","#graphs":1,"#levels":10,"%funs":0.2,"seed":234567}},{"fetches":19,"rounds":8,"levels":10,"read_requests":19,"write_requests":0,"time":47.67037,"gen_conf":{"lang":"Ohua","#graphs":1,"#levels":10,"%funs":0.25,"seed":234567}},{"fetches":21,"rounds":9,"levels":10,"read_requests":21,"write_requests":0,"time":54.449271,"gen_conf":{"lang":"Ohua","#graphs":1,"#levels":10,"%funs":0.275,"seed":234567}},{"fetches":21,"rounds":9,"levels":10,"read_requests":21,"write_requests":0,"time":88.184058,"gen_conf":{"lang":"Ohua","#graphs":1,"#levels":10,"%funs":0.3,"seed":234567}},{"fetches":32,"rounds":11,"levels":10,"read_requests":32,"write_requests":0,"time":68.183386,"gen_conf":{"lang":"Ohua","#graphs":1,"#levels":10,"%funs":0.325,"seed":234567}},{"fetches":45,"rounds":16,"levels":10,"read_requests":45,"write_requests":0,"time":92.757988,"gen_conf":{"lang":"Ohua","#graphs":1,"#levels":10,"%funs":0.375,"seed":234567}},{"fetches":32,"rounds":11,"levels":10,"read_requests":32,"write_requests":0,"time":63.271318,"gen_conf":{"lang":"Ohua","#graphs":1,"#levels":10,"%funs":0.35,"seed":234567}}]