[{"fetches":21,"rounds":8,"levels":10,"read_requests":54,"write_requests":0,"time":593.70962,"gen_conf":{"lang":"Ohua","#graphs":1,"#levels":10,"%maps":0.1,"seed":123456}},{"fetches":20,"rounds":7,"levels":10,"read_requests":47,"write_requests":0,"time":279.526703,"gen_conf":{"lang":"Ohua","#graphs":1,"#levels":10,"%maps":0.15,"seed":123456}},{"fetches":26,"rounds":9,"levels":10,"read_requests":62,"write_requests":0,"time":595.4523,"gen_conf":{"lang":"Ohua","#graphs":1,"#levels":10,"%maps":0.2,"seed":123456}},{"fetches":36,"rounds":12,"levels":10,"read_requests":240,"write_requests":0,"time":2484.30039,"gen_conf":{"lang":"Ohua","#graphs":1,"#levels":10,"%maps":0.25,"seed":123456}},{"fetches":36,"rounds":12,"levels":10,"read_requests":240,"write_requests":0,"time":2362.777666,"gen_conf":{"lang":"Ohua","#graphs":1,"#levels":10,"%maps":0.275,"seed":123456}},{"fetches":49,"rounds":16,"levels":10,"read_requests":297,"write_requests":0,"time":5041.652908,"gen_conf":{"lang":"Ohua","#graphs":1,"#levels":10,"%maps":0.3,"seed":123456}},{"fetches":49,"rounds":16,"levels":10,"read_requests":297,"write_requests":0,"time":4949.750788,"gen_conf":{"lang":"Ohua","#graphs":1,"#levels":10,"%maps":0.325,"seed":123456}},{"fetches":50,"rounds":17,"levels":10,"read_requests":313,"write_requests":0,"time":11971.181121,"gen_conf":{"lang":"Ohua","#graphs":1,"#levels":10,"%maps":0.375,"seed":123456}},{"fetches":49,"rounds":16,"levels":10,"read_requests":297,"write_requests":0,"time":5202.756818,"gen_conf":{"lang":"Ohua","#graphs":1,"#levels":10,"%maps":0.35,"seed":123456}},{"fetches":22,"rounds":11,"levels":10,"read_requests":45,"write_requests":0,"time":188.023342,"gen_conf":{"lang":"Ohua","#graphs":1,"#levels":10,"%maps":0.1,"seed":234567}},{"fetches":22,"rounds":11,"levels":10,"read_requests":45,"write_requests":0,"time":170.741476,"gen_conf":{"lang":"Ohua","#graphs":1,"#levels":10,"%maps":0.15,"seed":234567}},{"fetches":19,"rounds":8,"levels":10,"read_requests":26,"write_requests":0,"time":68.193286,"gen_conf":{"lang":"Ohua","#graphs":1,"#levels":10,"%maps":0.2,"seed":234567}},{"fetches":19,"rounds":8,"levels":10,"read_requests":26,"write_requests":0,"time":82.850009,"gen_conf":{"lang":"Ohua","#graphs":1,"#levels":10,"%maps":0.25,"seed":234567}},{"fetches":21,"rounds":9,"levels":10,"read_requests":29,"write_requests":0,"time":128.913599,"gen_conf":{"lang":"Ohua","#graphs":1,"#levels":10,"%maps":0.275,"seed":234567}},{"fetches":21,"rounds":9,"levels":10,"read_requests":29,"write_requests":0,"time":86.139421,"gen_conf":{"lang":"Ohua","#graphs":1,"#levels":10,"%maps":0.3,"seed":234567}},{"fetches":33,"rounds":12,"levels":10,"read_requests":80,"write_requests":0,"time":310.326693,"gen_conf":{"lang":"Ohua","#graphs":1,"#levels":10,"%maps":0.325,"seed":234567}},{"fetches":45,"rounds":16,"levels":10,"read_requests":156,"write_requests":0,"time":933.698659,"gen_conf":{"lang":"Ohua","#graphs":1,"#levels":10,"%maps":0.375,"seed":234567}},{"fetches":33,"rounds":12,"levels":10,"read_requests":80,"write_requests":0,"time":291.785168,"gen_conf":{"lang":"Ohua","#graphs":1,"#levels":10,"%maps":0.35,"seed":234567}}]