[{"fetches_made":8,"rounds_performed":4,"levels":10,"read_requests":8,"write_requests":0},{"fetches_made":6,"rounds_performed":3,"levels":8,"read_requests":6,"write_requests":0},{"fetches_made":4,"rounds_performed":2,"levels":5,"read_requests":4,"write_requests":0},{"fetches_made":21,"rounds_performed":11,"levels":19,"read_requests":21,"write_requests":0},{"fetches_made":13,"rounds_performed":9,"levels":16,"read_requests":13,"write_requests":0},{"fetches_made":0,"rounds_performed":0,"levels":1,"read_requests":0,"write_requests":0},{"fetches_made":7,"rounds_performed":5,"levels":12,"read_requests":7,"write_requests":0},{"fetches_made":5,"rounds_performed":2,"levels":6,"read_requests":5,"write_requests":0},{"fetches_made":1,"rounds_performed":1,"levels":5,"read_requests":1,"write_requests":0},{"fetches_made":5,"rounds_performed":3,"levels":4,"read_requests":5,"write_requests":0},{"fetches_made":16,"rounds_performed":11,"levels":16,"read_requests":16,"write_requests":0},{"fetches_made":3,"rounds_performed":3,"levels":11,"read_requests":3,"write_requests":0},{"fetches_made":1,"rounds_performed":1,"levels":3,"read_requests":1,"write_requests":0},{"fetches_made":19,"rounds_performed":13,"levels":18,"read_requests":19,"write_requests":0},{"fetches_made":20,"rounds_performed":11,"levels":19,"read_requests":20,"write_requests":0},{"fetches_made":13,"rounds_performed":8,"levels":14,"read_requests":13,"write_requests":0},{"fetches_made":7,"rounds_performed":6,"levels":8,"read_requests":7,"write_requests":0},{"fetches_made":17,"rounds_performed":8,"levels":12,"read_requests":17,"write_requests":0},{"fetches_made":4,"rounds_performed":2,"levels":5,"read_requests":4,"write_requests":0},{"fetches_made":23,"rounds_performed":14,"levels":20,"read_requests":23,"write_requests":0},{"fetches_made":11,"rounds_performed":4,"levels":7,"read_requests":11,"write_requests":0},{"fetches_made":16,"rounds_performed":10,"levels":17,"read_requests":16,"write_requests":0},{"fetches_made":18,"rounds_performed":6,"levels":16,"read_requests":18,"write_requests":0},{"fetches_made":16,"rounds_performed":9,"levels":11,"read_requests":16,"write_requests":0},{"fetches_made":17,"rounds_performed":10,"levels":20,"read_requests":17,"write_requests":0},{"fetches_made":4,"rounds_performed":2,"levels":4,"read_requests":4,"write_requests":0},{"fetches_made":23,"rounds_performed":13,"levels":20,"read_requests":23,"write_requests":0},{"fetches_made":7,"rounds_performed":5,"levels":8,"read_requests":7,"write_requests":0},{"fetches_made":13,"rounds_performed":11,"levels":19,"read_requests":13,"write_requests":0},{"fetches_made":16,"rounds_performed":11,"levels":19,"read_requests":16,"write_requests":0},{"fetches_made":2,"rounds_performed":2,"levels":2,"read_requests":2,"write_requests":0},{"fetches_made":3,"rounds_performed":2,"levels":3,"read_requests":3,"write_requests":0},{"fetches_made":15,"rounds_performed":10,"levels":18,"read_requests":15,"write_requests":0},{"fetches_made":10,"rounds_performed":7,"levels":12,"read_requests":10,"write_requests":0},{"fetches_made":10,"rounds_performed":8,"levels":12,"read_requests":10,"write_requests":0},{"fetches_made":9,"rounds_performed":4,"levels":5,"read_requests":9,"write_requests":0},{"fetches_made":3,"rounds_performed":3,"levels":7,"read_requests":3,"write_requests":0},{"fetches_made":11,"rounds_performed":6,"levels":17,"read_requests":11,"write_requests":0},{"fetches_made":2,"rounds_performed":2,"levels":4,"read_requests":2,"write_requests":0},{"fetches_made":6,"rounds_performed":4,"levels":7,"read_requests":6,"write_requests":0},{"fetches_made":16,"rounds_performed":11,"levels":20,"read_requests":16,"write_requests":0},{"fetches_made":3,"rounds_performed":2,"levels":2,"read_requests":3,"write_requests":0},{"fetches_made":17,"rounds_performed":11,"levels":19,"read_requests":17,"write_requests":0},{"fetches_made":8,"rounds_performed":5,"levels":9,"read_requests":8,"write_requests":0},{"fetches_made":6,"rounds_performed":5,"levels":7,"read_requests":6,"write_requests":0},{"fetches_made":9,"rounds_performed":5,"levels":11,"read_requests":9,"write_requests":0},{"fetches_made":5,"rounds_performed":3,"levels":8,"read_requests":5,"write_requests":0},{"fetches_made":20,"rounds_performed":14,"levels":19,"read_requests":20,"write_requests":0},{"fetches_made":12,"rounds_performed":8,"levels":13,"read_requests":12,"write_requests":0},{"fetches_made":1,"rounds_performed":1,"levels":2,"read_requests":1,"write_requests":0},{"fetches_made":6,"rounds_performed":6,"levels":11,"read_requests":6,"write_requests":0},{"fetches_made":16,"rounds_performed":9,"levels":12,"read_requests":16,"write_requests":0},{"fetches_made":13,"rounds_performed":10,"levels":18,"read_requests":13,"write_requests":0},{"fetches_made":25,"rounds_performed":12,"levels":20,"read_requests":25,"write_requests":0},{"fetches_made":17,"rounds_performed":11,"levels":13,"read_requests":17,"write_requests":0},{"fetches_made":15,"rounds_performed":10,"levels":18,"read_requests":15,"write_requests":0},{"fetches_made":8,"rounds_performed":4,"levels":9,"read_requests":8,"write_requests":0},{"fetches_made":5,"rounds_performed":3,"levels":5,"read_requests":5,"write_requests":0},{"fetches_made":9,"rounds_performed":7,"levels":13,"read_requests":9,"write_requests":0},{"fetches_made":2,"rounds_performed":2,"levels":2,"read_requests":2,"write_requests":0},{"fetches_made":8,"rounds_performed":4,"levels":10,"read_requests":8,"write_requests":0},{"fetches_made":18,"rounds_performed":12,"levels":16,"read_requests":18,"write_requests":0},{"fetches_made":3,"rounds_performed":2,"levels":7,"read_requests":3,"write_requests":0},{"fetches_made":6,"rounds_performed":6,"levels":14,"read_requests":6,"write_requests":0},{"fetches_made":9,"rounds_performed":7,"levels":12,"read_requests":9,"write_requests":0},{"fetches_made":1,"rounds_performed":1,"levels":5,"read_requests":1,"write_requests":0},{"fetches_made":6,"rounds_performed":4,"levels":6,"read_requests":6,"write_requests":0},{"fetches_made":13,"rounds_performed":9,"levels":12,"read_requests":13,"write_requests":0},{"fetches_made":3,"rounds_performed":2,"levels":5,"read_requests":3,"write_requests":0},{"fetches_made":9,"rounds_performed":6,"levels":14,"read_requests":9,"write_requests":0},{"fetches_made":14,"rounds_performed":9,"levels":17,"read_requests":14,"write_requests":0},{"fetches_made":15,"rounds_performed":11,"levels":16,"read_requests":15,"write_requests":0},{"fetches_made":3,"rounds_performed":3,"levels":3,"read_requests":3,"write_requests":0},{"fetches_made":13,"rounds_performed":9,"levels":19,"read_requests":13,"write_requests":0},{"fetches_made":14,"rounds_performed":10,"levels":13,"read_requests":14,"write_requests":0},{"fetches_made":1,"rounds_performed":1,"levels":1,"read_requests":1,"write_requests":0},{"fetches_made":5,"rounds_performed":3,"levels":7,"read_requests":5,"write_requests":0},{"fetches_made":6,"rounds_performed":3,"levels":8,"read_requests":6,"write_requests":0},{"fetches_made":4,"rounds_performed":3,"levels":8,"read_requests":4,"write_requests":0},{"fetches_made":13,"rounds_performed":9,"levels":11,"read_requests":13,"write_requests":0},{"fetches_made":12,"rounds_performed":6,"levels":12,"read_requests":12,"write_requests":0},{"fetches_made":15,"rounds_performed":9,"levels":16,"read_requests":15,"write_requests":0},{"fetches_made":1,"rounds_performed":1,"levels":1,"read_requests":1,"write_requests":0},{"fetches_made":5,"rounds_performed":2,"levels":3,"read_requests":5,"write_requests":0},{"fetches_made":10,"rounds_performed":5,"levels":9,"read_requests":10,"write_requests":0},{"fetches_made":11,"rounds_performed":6,"levels":10,"read_requests":11,"write_requests":0},{"fetches_made":4,"rounds_performed":4,"levels":8,"read_requests":4,"write_requests":0},{"fetches_made":18,"rounds_performed":13,"levels":16,"read_requests":18,"write_requests":0},{"fetches_made":4,"rounds_performed":3,"levels":3,"read_requests":4,"write_requests":0},{"fetches_made":14,"rounds_performed":9,"levels":14,"read_requests":14,"write_requests":0},{"fetches_made":9,"rounds_performed":4,"levels":8,"read_requests":9,"write_requests":0},{"fetches_made":0,"rounds_performed":0,"levels":1,"read_requests":0,"write_requests":0},{"fetches_made":10,"rounds_performed":9,"levels":13,"read_requests":10,"write_requests":0},{"fetches_made":2,"rounds_performed":2,"levels":4,"read_requests":2,"write_requests":0},{"fetches_made":11,"rounds_performed":6,"levels":9,"read_requests":11,"write_requests":0},{"fetches_made":5,"rounds_performed":3,"levels":3,"read_requests":5,"write_requests":0},{"fetches_made":19,"rounds_performed":9,"levels":18,"read_requests":19,"write_requests":0},{"fetches_made":24,"rounds_performed":15,"levels":20,"read_requests":24,"write_requests":0},{"fetches_made":15,"rounds_performed":11,"levels":20,"read_requests":15,"write_requests":0},{"fetches_made":17,"rounds_performed":10,"levels":20,"read_requests":17,"write_requests":0},{"fetches_made":8,"rounds_performed":5,"levels":5,"read_requests":8,"write_requests":0},{"fetches_made":11,"rounds_performed":7,"levels":14,"read_requests":11,"write_requests":0},{"fetches_made":14,"rounds_performed":9,"levels":18,"read_requests":14,"write_requests":0},{"fetches_made":13,"rounds_performed":6,"levels":7,"read_requests":13,"write_requests":0},{"fetches_made":15,"rounds_performed":6,"levels":15,"read_requests":15,"write_requests":0},{"fetches_made":19,"rounds_performed":11,"levels":17,"read_requests":19,"write_requests":0},{"fetches_made":9,"rounds_performed":5,"levels":6,"read_requests":9,"write_requests":0},{"fetches_made":18,"rounds_performed":10,"levels":16,"read_requests":18,"write_requests":0},{"fetches_made":2,"rounds_performed":2,"levels":2,"read_requests":2,"write_requests":0},{"fetches_made":21,"rounds_performed":12,"levels":20,"read_requests":21,"write_requests":0},{"fetches_made":10,"rounds_performed":7,"levels":11,"read_requests":10,"write_requests":0},{"fetches_made":8,"rounds_performed":7,"levels":12,"read_requests":8,"write_requests":0},{"fetches_made":4,"rounds_performed":3,"levels":7,"read_requests":4,"write_requests":0},{"fetches_made":18,"rounds_performed":12,"levels":17,"read_requests":18,"write_requests":0},{"fetches_made":8,"rounds_performed":6,"levels":8,"read_requests":8,"write_requests":0},{"fetches_made":12,"rounds_performed":10,"levels":11,"read_requests":12,"write_requests":0},{"fetches_made":0,"rounds_performed":0,"levels":1,"read_requests":0,"write_requests":0},{"fetches_made":9,"rounds_performed":6,"levels":10,"read_requests":9,"write_requests":0},{"fetches_made":11,"rounds_performed":7,"levels":13,"read_requests":11,"write_requests":0},{"fetches_made":18,"rounds_performed":10,"levels":17,"read_requests":18,"write_requests":0},{"fetches_made":4,"rounds_performed":2,"levels":3,"read_requests":4,"write_requests":0},{"fetches_made":1,"rounds_performed":1,"levels":1,"read_requests":1,"write_requests":0},{"fetches_made":2,"rounds_performed":1,"levels":2,"read_requests":2,"write_requests":0},{"fetches_made":8,"rounds_performed":5,"levels":7,"read_requests":8,"write_requests":0},{"fetches_made":4,"rounds_performed":4,"levels":4,"read_requests":4,"write_requests":0},{"fetches_made":12,"rounds_performed":7,"levels":10,"read_requests":12,"write_requests":0},{"fetches_made":18,"rounds_performed":11,"levels":19,"read_requests":18,"write_requests":0},{"fetches_made":3,"rounds_performed":1,"levels":3,"read_requests":3,"write_requests":0},{"fetches_made":11,"rounds_performed":6,"levels":12,"read_requests":11,"write_requests":0},{"fetches_made":2,"rounds_performed":2,"levels":4,"read_requests":2,"write_requests":0},{"fetches_made":13,"rounds_performed":6,"levels":13,"read_requests":13,"write_requests":0},{"fetches_made":3,"rounds_performed":2,"levels":6,"read_requests":3,"write_requests":0},{"fetches_made":4,"rounds_performed":2,"levels":4,"read_requests":4,"write_requests":0},{"fetches_made":1,"rounds_performed":1,"levels":1,"read_requests":1,"write_requests":0},{"fetches_made":21,"rounds_performed":14,"levels":19,"read_requests":21,"write_requests":0},{"fetches_made":13,"rounds_performed":9,"levels":18,"read_requests":13,"write_requests":0},{"fetches_made":12,"rounds_performed":7,"levels":15,"read_requests":12,"write_requests":0},{"fetches_made":8,"rounds_performed":8,"levels":9,"read_requests":8,"write_requests":0},{"fetches_made":6,"rounds_performed":2,"levels":2,"read_requests":6,"write_requests":0},{"fetches_made":7,"rounds_performed":4,"levels":9,"read_requests":7,"write_requests":0},{"fetches_made":3,"rounds_performed":2,"levels":4,"read_requests":3,"write_requests":0},{"fetches_made":15,"rounds_performed":10,"levels":19,"read_requests":15,"write_requests":0},{"fetches_made":19,"rounds_performed":10,"levels":17,"read_requests":19,"write_requests":0},{"fetches_made":2,"rounds_performed":2,"levels":5,"read_requests":2,"write_requests":0},{"fetches_made":3,"rounds_performed":1,"levels":3,"read_requests":3,"write_requests":0},{"fetches_made":20,"rounds_performed":13,"levels":15,"read_requests":20,"write_requests":0},{"fetches_made":1,"rounds_performed":1,"levels":2,"read_requests":1,"write_requests":0},{"fetches_made":1,"rounds_performed":1,"levels":4,"read_requests":1,"write_requests":0},{"fetches_made":6,"rounds_performed":5,"levels":11,"read_requests":6,"write_requests":0},{"fetches_made":0,"rounds_performed":0,"levels":1,"read_requests":0,"write_requests":0},{"fetches_made":10,"rounds_performed":7,"levels":14,"read_requests":10,"write_requests":0},{"fetches_made":10,"rounds_performed":6,"levels":9,"read_requests":10,"write_requests":0},{"fetches_made":19,"rounds_performed":11,"levels":20,"read_requests":19,"write_requests":0},{"fetches_made":8,"rounds_performed":5,"levels":5,"read_requests":8,"write_requests":0},{"fetches_made":14,"rounds_performed":7,"levels":20,"read_requests":14,"write_requests":0},{"fetches_made":6,"rounds_performed":3,"levels":5,"read_requests":6,"write_requests":0},{"fetches_made":13,"rounds_performed":9,"levels":15,"read_requests":13,"write_requests":0},{"fetches_made":12,"rounds_performed":7,"levels":14,"read_requests":12,"write_requests":0},{"fetches_made":19,"rounds_performed":12,"levels":20,"read_requests":19,"write_requests":0},{"fetches_made":14,"rounds_performed":8,"levels":15,"read_requests":14,"write_requests":0},{"fetches_made":11,"rounds_performed":9,"levels":17,"read_requests":11,"write_requests":0},{"fetches_made":5,"rounds_performed":3,"levels":6,"read_requests":5,"write_requests":0},{"fetches_made":19,"rounds_performed":12,"levels":20,"read_requests":19,"write_requests":0},{"fetches_made":9,"rounds_performed":7,"levels":10,"read_requests":9,"write_requests":0},{"fetches_made":11,"rounds_performed":9,"levels":9,"read_requests":11,"write_requests":0},{"fetches_made":3,"rounds_performed":2,"levels":8,"read_requests":3,"write_requests":0},{"fetches_made":13,"rounds_performed":7,"levels":12,"read_requests":13,"write_requests":0},{"fetches_made":1,"rounds_performed":1,"levels":1,"read_requests":1,"write_requests":0},{"fetches_made":11,"rounds_performed":6,"levels":7,"read_requests":11,"write_requests":0},{"fetches_made":0,"rounds_performed":0,"levels":1,"read_requests":0,"write_requests":0},{"fetches_made":2,"rounds_performed":2,"levels":3,"read_requests":2,"write_requests":0},{"fetches_made":5,"rounds_performed":3,"levels":6,"read_requests":5,"write_requests":0},{"fetches_made":16,"rounds_performed":9,"levels":11,"read_requests":16,"write_requests":0},{"fetches_made":4,"rounds_performed":3,"levels":3,"read_requests":4,"write_requests":0},{"fetches_made":20,"rounds_performed":14,"levels":17,"read_requests":20,"write_requests":0},{"fetches_made":21,"rounds_performed":13,"levels":18,"read_requests":21,"write_requests":0},{"fetches_made":10,"rounds_performed":6,"levels":10,"read_requests":10,"write_requests":0},{"fetches_made":6,"rounds_performed":4,"levels":13,"read_requests":6,"write_requests":0},{"fetches_made":2,"rounds_performed":1,"levels":2,"read_requests":2,"write_requests":0},{"fetches_made":8,"rounds_performed":4,"levels":7,"read_requests":8,"write_requests":0},{"fetches_made":5,"rounds_performed":3,"levels":7,"read_requests":5,"write_requests":0},{"fetches_made":9,"rounds_performed":7,"levels":12,"read_requests":9,"write_requests":0},{"fetches_made":9,"rounds_performed":6,"levels":12,"read_requests":9,"write_requests":0},{"fetches_made":8,"rounds_performed":6,"levels":10,"read_requests":8,"write_requests":0},{"fetches_made":7,"rounds_performed":6,"levels":10,"read_requests":7,"write_requests":0},{"fetches_made":4,"rounds_performed":3,"levels":5,"read_requests":4,"write_requests":0},{"fetches_made":19,"rounds_performed":13,"levels":19,"read_requests":19,"write_requests":0},{"fetches_made":10,"rounds_performed":7,"levels":9,"read_requests":10,"write_requests":0},{"fetches_made":20,"rounds_performed":11,"levels":19,"read_requests":20,"write_requests":0},{"fetches_made":15,"rounds_performed":6,"levels":11,"read_requests":15,"write_requests":0},{"fetches_made":10,"rounds_performed":4,"levels":9,"read_requests":10,"write_requests":0},{"fetches_made":18,"rounds_performed":9,"levels":15,"read_requests":18,"write_requests":0},{"fetches_made":11,"rounds_performed":7,"levels":8,"read_requests":11,"write_requests":0},{"fetches_made":1,"rounds_performed":1,"levels":2,"read_requests":1,"write_requests":0},{"fetches_made":16,"rounds_performed":10,"levels":18,"read_requests":16,"write_requests":0},{"fetches_made":0,"rounds_performed":0,"levels":3,"read_requests":0,"write_requests":0},{"fetches_made":7,"rounds_performed":6,"levels":10,"read_requests":7,"write_requests":0},{"fetches_made":9,"rounds_performed":5,"levels":8,"read_requests":9,"write_requests":0},{"fetches_made":7,"rounds_performed":5,"levels":9,"read_requests":7,"write_requests":0},{"fetches_made":2,"rounds_performed":1,"levels":3,"read_requests":2,"write_requests":0},{"fetches_made":1,"rounds_performed":1,"levels":3,"read_requests":1,"write_requests":0},{"fetches_made":8,"rounds_performed":4,"levels":7,"read_requests":8,"write_requests":0},{"fetches_made":9,"rounds_performed":4,"levels":6,"read_requests":9,"write_requests":0},{"fetches_made":8,"rounds_performed":6,"levels":8,"read_requests":8,"write_requests":0},{"fetches_made":16,"rounds_performed":9,"levels":16,"read_requests":16,"write_requests":0},{"fetches_made":17,"rounds_performed":9,"levels":18,"read_requests":17,"write_requests":0},{"fetches_made":7,"rounds_performed":5,"levels":9,"read_requests":7,"write_requests":0},{"fetches_made":4,"rounds_performed":3,"levels":4,"read_requests":4,"write_requests":0},{"fetches_made":17,"rounds_performed":11,"levels":15,"read_requests":17,"write_requests":0},{"fetches_made":3,"rounds_performed":3,"levels":5,"read_requests":3,"write_requests":0},{"fetches_made":23,"rounds_performed":13,"levels":20,"read_requests":23,"write_requests":0},{"fetches_made":12,"rounds_performed":7,"levels":13,"read_requests":12,"write_requests":0},{"fetches_made":1,"rounds_performed":1,"levels":1,"read_requests":1,"write_requests":0},{"fetches_made":13,"rounds_performed":9,"levels":19,"read_requests":13,"write_requests":0},{"fetches_made":14,"rounds_performed":9,"levels":18,"read_requests":14,"write_requests":0},{"fetches_made":8,"rounds_performed":6,"levels":9,"read_requests":8,"write_requests":0},{"fetches_made":16,"rounds_performed":11,"levels":18,"read_requests":16,"write_requests":0},{"fetches_made":17,"rounds_performed":11,"levels":17,"read_requests":17,"write_requests":0},{"fetches_made":10,"rounds_performed":6,"levels":13,"read_requests":10,"write_requests":0},{"fetches_made":10,"rounds_performed":6,"levels":13,"read_requests":10,"write_requests":0},{"fetches_made":1,"rounds_performed":1,"levels":2,"read_requests":1,"write_requests":0},{"fetches_made":15,"rounds_performed":10,"levels":12,"read_requests":15,"write_requests":0},{"fetches_made":20,"rounds_performed":13,"levels":20,"read_requests":20,"write_requests":0},{"fetches_made":0,"rounds_performed":0,"levels":1,"read_requests":0,"write_requests":0},{"fetches_made":4,"rounds_performed":4,"levels":6,"read_requests":4,"write_requests":0},{"fetches_made":4,"rounds_performed":3,"levels":5,"read_requests":4,"write_requests":0},{"fetches_made":22,"rounds_performed":13,"levels":18,"read_requests":22,"write_requests":0},{"fetches_made":2,"rounds_performed":2,"levels":2,"read_requests":2,"write_requests":0},{"fetches_made":15,"rounds_performed":7,"levels":8,"read_requests":15,"write_requests":0},{"fetches_made":4,"rounds_performed":3,"levels":7,"read_requests":4,"write_requests":0},{"fetches_made":4,"rounds_performed":2,"levels":4,"read_requests":4,"write_requests":0},{"fetches_made":12,"rounds_performed":7,"levels":12,"read_requests":12,"write_requests":0},{"fetches_made":7,"rounds_performed":4,"levels":6,"read_requests":7,"write_requests":0},{"fetches_made":19,"rounds_performed":11,"levels":18,"read_requests":19,"write_requests":0},{"fetches_made":17,"rounds_performed":11,"levels":19,"read_requests":17,"write_requests":0},{"fetches_made":20,"rounds_performed":12,"levels":19,"read_requests":20,"write_requests":0},{"fetches_made":10,"rounds_performed":5,"levels":11,"read_requests":10,"write_requests":0},{"fetches_made":16,"rounds_performed":10,"levels":20,"read_requests":16,"write_requests":0},{"fetches_made":2,"rounds_performed":1,"levels":3,"read_requests":2,"write_requests":0},{"fetches_made":19,"rounds_performed":9,"levels":17,"read_requests":19,"write_requests":0},{"fetches_made":6,"rounds_performed":3,"levels":5,"read_requests":6,"write_requests":0},{"fetches_made":18,"rounds_performed":12,"levels":14,"read_requests":18,"write_requests":0},{"fetches_made":15,"rounds_performed":11,"levels":19,"read_requests":15,"write_requests":0},{"fetches_made":11,"rounds_performed":8,"levels":14,"read_requests":11,"write_requests":0},{"fetches_made":14,"rounds_performed":10,"levels":15,"read_requests":14,"write_requests":0},{"fetches_made":1,"rounds_performed":1,"levels":4,"read_requests":1,"write_requests":0},{"fetches_made":6,"rounds_performed":5,"levels":14,"read_requests":6,"write_requests":0},{"fetches_made":1,"rounds_performed":1,"levels":2,"read_requests":1,"write_requests":0},{"fetches_made":14,"rounds_performed":11,"levels":18,"read_requests":14,"write_requests":0},{"fetches_made":23,"rounds_performed":13,"levels":15,"read_requests":23,"write_requests":0},{"fetches_made":0,"rounds_performed":0,"levels":1,"read_requests":0,"write_requests":0},{"fetches_made":4,"rounds_performed":4,"levels":6,"read_requests":4,"write_requests":0},{"fetches_made":11,"rounds_performed":7,"levels":14,"read_requests":11,"write_requests":0},{"fetches_made":9,"rounds_performed":6,"levels":13,"read_requests":9,"write_requests":0},{"fetches_made":6,"rounds_performed":3,"levels":6,"read_requests":6,"write_requests":0},{"fetches_made":1,"rounds_performed":1,"levels":2,"read_requests":1,"write_requests":0},{"fetches_made":1,"rounds_performed":1,"levels":2,"read_requests":1,"write_requests":0},{"fetches_made":1,"rounds_performed":1,"levels":1,"read_requests":1,"write_requests":0},{"fetches_made":6,"rounds_performed":4,"levels":4,"read_requests":6,"write_requests":0},{"fetches_made":9,"rounds_performed":7,"levels":11,"read_requests":9,"write_requests":0},{"fetches_made":16,"rounds_performed":8,"levels":14,"read_requests":16,"write_requests":0},{"fetches_made":7,"rounds_performed":5,"levels":7,"read_requests":7,"write_requests":0},{"fetches_made":20,"rounds_performed":11,"levels":20,"read_requests":20,"write_requests":0},{"fetches_made":13,"rounds_performed":8,"levels":13,"read_requests":13,"write_requests":0},{"fetches_made":13,"rounds_performed":8,"levels":16,"read_requests":13,"write_requests":0},{"fetches_made":10,"rounds_performed":6,"levels":10,"read_requests":10,"write_requests":0},{"fetches_made":3,"rounds_performed":3,"levels":8,"read_requests":3,"write_requests":0},{"fetches_made":5,"rounds_performed":4,"levels":6,"read_requests":5,"write_requests":0},{"fetches_made":10,"rounds_performed":5,"levels":9,"read_requests":10,"write_requests":0},{"fetches_made":11,"rounds_performed":8,"levels":14,"read_requests":11,"write_requests":0},{"fetches_made":8,"rounds_performed":4,"levels":14,"read_requests":8,"write_requests":0},{"fetches_made":14,"rounds_performed":9,"levels":16,"read_requests":14,"write_requests":0},{"fetches_made":12,"rounds_performed":9,"levels":12,"read_requests":12,"write_requests":0},{"fetches_made":3,"rounds_performed":2,"levels":5,"read_requests":3,"write_requests":0},{"fetches_made":9,"rounds_performed":6,"levels":17,"read_requests":9,"write_requests":0},{"fetches_made":17,"rounds_performed":11,"levels":16,"read_requests":17,"write_requests":0},{"fetches_made":4,"rounds_performed":4,"levels":5,"read_requests":4,"write_requests":0},{"fetches_made":6,"rounds_performed":3,"levels":4,"read_requests":6,"write_requests":0},{"fetches_made":9,"rounds_performed":6,"levels":8,"read_requests":9,"write_requests":0},{"fetches_made":15,"rounds_performed":9,"levels":16,"read_requests":15,"write_requests":0},{"fetches_made":12,"rounds_performed":6,"levels":10,"read_requests":12,"write_requests":0},{"fetches_made":5,"rounds_performed":5,"levels":6,"read_requests":5,"write_requests":0},{"fetches_made":7,"rounds_performed":5,"levels":10,"read_requests":7,"write_requests":0},{"fetches_made":8,"rounds_performed":5,"levels":10,"read_requests":8,"write_requests":0},{"fetches_made":22,"rounds_performed":12,"levels":17,"read_requests":22,"write_requests":0},{"fetches_made":8,"rounds_performed":5,"levels":14,"read_requests":8,"write_requests":0},{"fetches_made":5,"rounds_performed":4,"levels":11,"read_requests":5,"write_requests":0},{"fetches_made":17,"rounds_performed":9,"levels":19,"read_requests":17,"write_requests":0},{"fetches_made":12,"rounds_performed":6,"levels":9,"read_requests":12,"write_requests":0},{"fetches_made":13,"rounds_performed":8,"levels":17,"read_requests":13,"write_requests":0},{"fetches_made":0,"rounds_performed":0,"levels":1,"read_requests":0,"write_requests":0},{"fetches_made":2,"rounds_performed":1,"levels":3,"read_requests":2,"write_requests":0},{"fetches_made":8,"rounds_performed":5,"levels":7,"read_requests":8,"write_requests":0},{"fetches_made":10,"rounds_performed":7,"levels":11,"read_requests":10,"write_requests":0},{"fetches_made":12,"rounds_performed":8,"levels":12,"read_requests":12,"write_requests":0},{"fetches_made":5,"rounds_performed":4,"levels":5,"read_requests":5,"write_requests":0},{"fetches_made":7,"rounds_performed":2,"levels":4,"read_requests":7,"write_requests":0},{"fetches_made":12,"rounds_performed":6,"levels":13,"read_requests":12,"write_requests":0},{"fetches_made":5,"rounds_performed":4,"levels":6,"read_requests":5,"write_requests":0},{"fetches_made":15,"rounds_performed":10,"levels":17,"read_requests":15,"write_requests":0},{"fetches_made":11,"rounds_performed":5,"levels":15,"read_requests":11,"write_requests":0},{"fetches_made":12,"rounds_performed":6,"levels":10,"read_requests":12,"write_requests":0},{"fetches_made":19,"rounds_performed":11,"levels":17,"read_requests":19,"write_requests":0},{"fetches_made":2,"rounds_performed":2,"levels":2,"read_requests":2,"write_requests":0},{"fetches_made":12,"rounds_performed":8,"levels":14,"read_requests":12,"write_requests":0},{"fetches_made":12,"rounds_performed":8,"levels":13,"read_requests":12,"write_requests":0},{"fetches_made":18,"rounds_performed":9,"levels":15,"read_requests":18,"write_requests":0},{"fetches_made":18,"rounds_performed":10,"levels":18,"read_requests":18,"write_requests":0},{"fetches_made":2,"rounds_performed":2,"levels":2,"read_requests":2,"write_requests":0},{"fetches_made":12,"rounds_performed":6,"levels":18,"read_requests":12,"write_requests":0},{"fetches_made":13,"rounds_performed":9,"levels":15,"read_requests":13,"write_requests":0},{"fetches_made":9,"rounds_performed":7,"levels":11,"read_requests":9,"write_requests":0},{"fetches_made":18,"rounds_performed":11,"levels":19,"read_requests":18,"write_requests":0},{"fetches_made":15,"rounds_performed":9,"levels":16,"read_requests":15,"write_requests":0},{"fetches_made":15,"rounds_performed":9,"levels":11,"read_requests":15,"write_requests":0},{"fetches_made":1,"rounds_performed":1,"levels":1,"read_requests":1,"write_requests":0},{"fetches_made":10,"rounds_performed":7,"levels":11,"read_requests":10,"write_requests":0},{"fetches_made":9,"rounds_performed":5,"levels":9,"read_requests":9,"write_requests":0},{"fetches_made":5,"rounds_performed":3,"levels":6,"read_requests":5,"write_requests":0},{"fetches_made":15,"rounds_performed":10,"levels":17,"read_requests":15,"write_requests":0},{"fetches_made":19,"rounds_performed":13,"levels":20,"read_requests":19,"write_requests":0},{"fetches_made":8,"rounds_performed":5,"levels":9,"read_requests":8,"write_requests":0},{"fetches_made":14,"rounds_performed":9,"levels":15,"read_requests":14,"write_requests":0},{"fetches_made":9,"rounds_performed":6,"levels":10,"read_requests":9,"write_requests":0},{"fetches_made":6,"rounds_performed":4,"levels":6,"read_requests":6,"write_requests":0},{"fetches_made":6,"rounds_performed":3,"levels":9,"read_requests":6,"write_requests":0},{"fetches_made":10,"rounds_performed":7,"levels":15,"read_requests":10,"write_requests":0},{"fetches_made":7,"rounds_performed":4,"levels":4,"read_requests":7,"write_requests":0},{"fetches_made":2,"rounds_performed":2,"levels":2,"read_requests":2,"write_requests":0},{"fetches_made":13,"rounds_performed":8,"levels":12,"read_requests":13,"write_requests":0},{"fetches_made":5,"rounds_performed":4,"levels":8,"read_requests":5,"write_requests":0},{"fetches_made":10,"rounds_performed":7,"levels":12,"read_requests":10,"write_requests":0},{"fetches_made":18,"rounds_performed":9,"levels":16,"read_requests":18,"write_requests":0},{"fetches_made":19,"rounds_performed":14,"levels":16,"read_requests":19,"write_requests":0},{"fetches_made":12,"rounds_performed":9,"levels":12,"read_requests":12,"write_requests":0},{"fetches_made":3,"rounds_performed":2,"levels":4,"read_requests":3,"write_requests":0},{"fetches_made":11,"rounds_performed":8,"levels":16,"read_requests":11,"write_requests":0},{"fetches_made":17,"rounds_performed":11,"levels":13,"read_requests":17,"write_requests":0},{"fetches_made":12,"rounds_performed":10,"levels":15,"read_requests":12,"write_requests":0},{"fetches_made":10,"rounds_performed":6,"levels":10,"read_requests":10,"write_requests":0},{"fetches_made":13,"rounds_performed":7,"levels":13,"read_requests":13,"write_requests":0},{"fetches_made":7,"rounds_performed":5,"levels":7,"read_requests":7,"write_requests":0},{"fetches_made":1,"rounds_performed":1,"levels":3,"read_requests":1,"write_requests":0},{"fetches_made":6,"rounds_performed":5,"levels":8,"read_requests":6,"write_requests":0},{"fetches_made":2,"rounds_performed":2,"levels":3,"read_requests":2,"write_requests":0},{"fetches_made":2,"rounds_performed":2,"levels":3,"read_requests":2,"write_requests":0},{"fetches_made":13,"rounds_performed":9,"levels":19,"read_requests":13,"write_requests":0},{"fetches_made":6,"rounds_performed":3,"levels":5,"read_requests":6,"write_requests":0},{"fetches_made":6,"rounds_performed":5,"levels":13,"read_requests":6,"write_requests":0},{"fetches_made":8,"rounds_performed":7,"levels":8,"read_requests":8,"write_requests":0},{"fetches_made":12,"rounds_performed":9,"levels":10,"read_requests":12,"write_requests":0},{"fetches_made":8,"rounds_performed":6,"levels":15,"read_requests":8,"write_requests":0},{"fetches_made":3,"rounds_performed":3,"levels":4,"read_requests":3,"write_requests":0},{"fetches_made":17,"rounds_performed":12,"levels":14,"read_requests":17,"write_requests":0},{"fetches_made":4,"rounds_performed":2,"levels":7,"read_requests":4,"write_requests":0},{"fetches_made":13,"rounds_performed":9,"levels":18,"read_requests":13,"write_requests":0},{"fetches_made":1,"rounds_performed":1,"levels":1,"read_requests":1,"write_requests":0},{"fetches_made":9,"rounds_performed":7,"levels":11,"read_requests":9,"write_requests":0},{"fetches_made":9,"rounds_performed":8,"levels":13,"read_requests":9,"write_requests":0},{"fetches_made":10,"rounds_performed":6,"levels":11,"read_requests":10,"write_requests":0},{"fetches_made":1,"rounds_performed":1,"levels":1,"read_requests":1,"write_requests":0},{"fetches_made":18,"rounds_performed":10,"levels":17,"read_requests":18,"write_requests":0},{"fetches_made":16,"rounds_performed":10,"levels":14,"read_requests":16,"write_requests":0},{"fetches_made":8,"rounds_performed":5,"levels":9,"read_requests":8,"write_requests":0},{"fetches_made":21,"rounds_performed":10,"levels":13,"read_requests":21,"write_requests":0},{"fetches_made":4,"rounds_performed":3,"levels":6,"read_requests":4,"write_requests":0},{"fetches_made":16,"rounds_performed":9,"levels":19,"read_requests":16,"write_requests":0},{"fetches_made":5,"rounds_performed":5,"levels":7,"read_requests":5,"write_requests":0},{"fetches_made":11,"rounds_performed":10,"levels":14,"read_requests":11,"write_requests":0},{"fetches_made":12,"rounds_performed":9,"levels":15,"read_requests":12,"write_requests":0},{"fetches_made":9,"rounds_performed":7,"levels":16,"read_requests":9,"write_requests":0},{"fetches_made":23,"rounds_performed":14,"levels":20,"read_requests":23,"write_requests":0},{"fetches_made":13,"rounds_performed":8,"levels":14,"read_requests":13,"write_requests":0},{"fetches_made":12,"rounds_performed":6,"levels":10,"read_requests":12,"write_requests":0},{"fetches_made":0,"rounds_performed":0,"levels":1,"read_requests":0,"write_requests":0},{"fetches_made":2,"rounds_performed":1,"levels":4,"read_requests":2,"write_requests":0},{"fetches_made":9,"rounds_performed":6,"levels":11,"read_requests":9,"write_requests":0},{"fetches_made":13,"rounds_performed":8,"levels":18,"read_requests":13,"write_requests":0},{"fetches_made":4,"rounds_performed":3,"levels":7,"read_requests":4,"write_requests":0},{"fetches_made":10,"rounds_performed":5,"levels":9,"read_requests":10,"write_requests":0},{"fetches_made":4,"rounds_performed":2,"levels":3,"read_requests":4,"write_requests":0},{"fetches_made":11,"rounds_performed":7,"levels":17,"read_requests":11,"write_requests":0},{"fetches_made":1,"rounds_performed":1,"levels":1,"read_requests":1,"write_requests":0},{"fetches_made":18,"rounds_performed":11,"levels":18,"read_requests":18,"write_requests":0},{"fetches_made":4,"rounds_performed":3,"levels":4,"read_requests":4,"write_requests":0},{"fetches_made":19,"rounds_performed":14,"levels":20,"read_requests":19,"write_requests":0},{"fetches_made":21,"rounds_performed":12,"levels":15,"read_requests":21,"write_requests":0},{"fetches_made":6,"rounds_performed":4,"levels":6,"read_requests":6,"write_requests":0},{"fetches_made":20,"rounds_performed":10,"levels":16,"read_requests":20,"write_requests":0},{"fetches_made":6,"rounds_performed":4,"levels":6,"read_requests":6,"write_requests":0},{"fetches_made":20,"rounds_performed":9,"levels":16,"read_requests":20,"write_requests":0},{"fetches_made":3,"rounds_performed":2,"levels":2,"read_requests":3,"write_requests":0},{"fetches_made":10,"rounds_performed":8,"levels":17,"read_requests":10,"write_requests":0},{"fetches_made":18,"rounds_performed":10,"levels":15,"read_requests":18,"write_requests":0},{"fetches_made":1,"rounds_performed":1,"levels":2,"read_requests":1,"write_requests":0},{"fetches_made":10,"rounds_performed":6,"levels":8,"read_requests":10,"write_requests":0},{"fetches_made":6,"rounds_performed":6,"levels":10,"read_requests":6,"write_requests":0},{"fetches_made":6,"rounds_performed":5,"levels":6,"read_requests":6,"write_requests":0},{"fetches_made":10,"rounds_performed":7,"levels":15,"read_requests":10,"write_requests":0},{"fetches_made":5,"rounds_performed":4,"levels":5,"read_requests":5,"write_requests":0}]