[{"fetches":12,"rounds":8,"levels":10,"read_requests":12,"write_requests":0,"time":326.697557,"gen-conf":{"lang":"Ohua","#graphs":100,"#levels":20,"seed":123456}},{"fetches":8,"rounds":4,"levels":10,"read_requests":8,"write_requests":0,"time":90.842895,"gen-conf":{"lang":"Ohua","#graphs":100,"#levels":20,"seed":123456}},{"fetches":12,"rounds":5,"levels":10,"read_requests":12,"write_requests":0,"time":126.869434,"gen-conf":{"lang":"Ohua","#graphs":100,"#levels":20,"seed":123456}},{"fetches":11,"rounds":5,"levels":10,"read_requests":11,"write_requests":0,"time":71.303225,"gen-conf":{"lang":"Ohua","#graphs":100,"#levels":20,"seed":123456}},{"fetches":10,"rounds":8,"levels":10,"read_requests":10,"write_requests":0,"time":66.406809,"gen-conf":{"lang":"Ohua","#graphs":100,"#levels":20,"seed":123456}},{"fetches":7,"rounds":5,"levels":11,"read_requests":7,"write_requests":0,"time":63.494133,"gen-conf":{"lang":"Ohua","#graphs":100,"#levels":20,"seed":123456}},{"fetches":11,"rounds":6,"levels":11,"read_requests":11,"write_requests":0,"time":131.659335,"gen-conf":{"lang":"Ohua","#graphs":100,"#levels":20,"seed":123456}},{"fetches":17,"rounds":8,"levels":11,"read_requests":17,"write_requests":0,"time":99.706376,"gen-conf":{"lang":"Ohua","#graphs":100,"#levels":20,"seed":123456}},{"fetches":13,"rounds":7,"levels":11,"read_requests":13,"write_requests":0,"time":127.55346,"gen-conf":{"lang":"Ohua","#graphs":100,"#levels":20,"seed":123456}},{"fetches":10,"rounds":6,"levels":11,"read_requests":10,"write_requests":0,"time":66.689571,"gen-conf":{"lang":"Ohua","#graphs":100,"#levels":20,"seed":123456}},{"fetches":11,"rounds":7,"levels":12,"read_requests":11,"write_requests":0,"time":68.392132,"gen-conf":{"lang":"Ohua","#graphs":100,"#levels":20,"seed":123456}},{"fetches":14,"rounds":7,"levels":12,"read_requests":14,"write_requests":0,"time":78.479029,"gen-conf":{"lang":"Ohua","#graphs":100,"#levels":20,"seed":123456}},{"fetches":9,"rounds":4,"levels":12,"read_requests":9,"write_requests":0,"time":41.797207,"gen-conf":{"lang":"Ohua","#graphs":100,"#levels":20,"seed":123456}},{"fetches":15,"rounds":8,"levels":12,"read_requests":15,"write_requests":0,"time":42.751679,"gen-conf":{"lang":"Ohua","#graphs":100,"#levels":20,"seed":123456}},{"fetches":12,"rounds":5,"levels":12,"read_requests":12,"write_requests":0,"time":57.620214,"gen-conf":{"lang":"Ohua","#graphs":100,"#levels":20,"seed":123456}},{"fetches":17,"rounds":5,"levels":13,"read_requests":17,"write_requests":0,"time":69.741708,"gen-conf":{"lang":"Ohua","#graphs":100,"#levels":20,"seed":123456}},{"fetches":23,"rounds":9,"levels":13,"read_requests":23,"write_requests":0,"time":55.926203,"gen-conf":{"lang":"Ohua","#graphs":100,"#levels":20,"seed":123456}},{"fetches":13,"rounds":8,"levels":13,"read_requests":13,"write_requests":0,"time":49.502281,"gen-conf":{"lang":"Ohua","#graphs":100,"#levels":20,"seed":123456}},{"fetches":15,"rounds":7,"levels":13,"read_requests":15,"write_requests":0,"time":49.774678,"gen-conf":{"lang":"Ohua","#graphs":100,"#levels":20,"seed":123456}},{"fetches":11,"rounds":9,"levels":13,"read_requests":11,"write_requests":0,"time":39.690365,"gen-conf":{"lang":"Ohua","#graphs":100,"#levels":20,"seed":123456}},{"fetches":21,"rounds":10,"levels":14,"read_requests":21,"write_requests":0,"time":63.986601,"gen-conf":{"lang":"Ohua","#graphs":100,"#levels":20,"seed":123456}},{"fetches":14,"rounds":7,"levels":14,"read_requests":14,"write_requests":0,"time":41.391969,"gen-conf":{"lang":"Ohua","#graphs":100,"#levels":20,"seed":123456}},{"fetches":11,"rounds":8,"levels":14,"read_requests":11,"write_requests":0,"time":48.18272,"gen-conf":{"lang":"Ohua","#graphs":100,"#levels":20,"seed":123456}},{"fetches":22,"rounds":10,"levels":14,"read_requests":22,"write_requests":0,"time":73.615195,"gen-conf":{"lang":"Ohua","#graphs":100,"#levels":20,"seed":123456}},{"fetches":14,"rounds":9,"levels":14,"read_requests":14,"write_requests":0,"time":59.141261,"gen-conf":{"lang":"Ohua","#graphs":100,"#levels":20,"seed":123456}},{"fetches":16,"rounds":7,"levels":15,"read_requests":16,"write_requests":0,"time":59.878295,"gen-conf":{"lang":"Ohua","#graphs":100,"#levels":20,"seed":123456}},{"fetches":15,"rounds":9,"levels":15,"read_requests":15,"write_requests":0,"time":60.878151,"gen-conf":{"lang":"Ohua","#graphs":100,"#levels":20,"seed":123456}},{"fetches":22,"rounds":11,"levels":15,"read_requests":22,"write_requests":0,"time":66.135612,"gen-conf":{"lang":"Ohua","#graphs":100,"#levels":20,"seed":123456}},{"fetches":13,"rounds":7,"levels":15,"read_requests":13,"write_requests":0,"time":72.281132,"gen-conf":{"lang":"Ohua","#graphs":100,"#levels":20,"seed":123456}},{"fetches":13,"rounds":6,"levels":15,"read_requests":13,"write_requests":0,"time":51.52868,"gen-conf":{"lang":"Ohua","#graphs":100,"#levels":20,"seed":123456}},{"fetches":17,"rounds":10,"levels":16,"read_requests":17,"write_requests":0,"time":46.022091,"gen-conf":{"lang":"Ohua","#graphs":100,"#levels":20,"seed":123456}},{"fetches":20,"rounds":11,"levels":16,"read_requests":20,"write_requests":0,"time":64.073113,"gen-conf":{"lang":"Ohua","#graphs":100,"#levels":20,"seed":123456}},{"fetches":15,"rounds":8,"levels":16,"read_requests":15,"write_requests":0,"time":47.633147,"gen-conf":{"lang":"Ohua","#graphs":100,"#levels":20,"seed":123456}},{"fetches":16,"rounds":8,"levels":16,"read_requests":16,"write_requests":0,"time":74.453316,"gen-conf":{"lang":"Ohua","#graphs":100,"#levels":20,"seed":123456}},{"fetches":15,"rounds":9,"levels":16,"read_requests":15,"write_requests":0,"time":53.497455,"gen-conf":{"lang":"Ohua","#graphs":100,"#levels":20,"seed":123456}},{"fetches":20,"rounds":12,"levels":17,"read_requests":20,"write_requests":0,"time":80.638617,"gen-conf":{"lang":"Ohua","#graphs":100,"#levels":20,"seed":123456}},{"fetches":19,"rounds":10,"levels":17,"read_requests":19,"write_requests":0,"time":81.82142,"gen-conf":{"lang":"Ohua","#graphs":100,"#levels":20,"seed":123456}},{"fetches":20,"rounds":9,"levels":17,"read_requests":20,"write_requests":0,"time":178.875221,"gen-conf":{"lang":"Ohua","#graphs":100,"#levels":20,"seed":123456}},{"fetches":14,"rounds":6,"levels":17,"read_requests":14,"write_requests":0,"time":61.406413,"gen-conf":{"lang":"Ohua","#graphs":100,"#levels":20,"seed":123456}},{"fetches":10,"rounds":7,"levels":17,"read_requests":10,"write_requests":0,"time":50.223101,"gen-conf":{"lang":"Ohua","#graphs":100,"#levels":20,"seed":123456}},{"fetches":15,"rounds":9,"levels":18,"read_requests":15,"write_requests":0,"time":61.041972,"gen-conf":{"lang":"Ohua","#graphs":100,"#levels":20,"seed":123456}},{"fetches":17,"rounds":8,"levels":18,"read_requests":17,"write_requests":0,"time":87.4904,"gen-conf":{"lang":"Ohua","#graphs":100,"#levels":20,"seed":123456}},{"fetches":17,"rounds":7,"levels":18,"read_requests":17,"write_requests":0,"time":53.255675,"gen-conf":{"lang":"Ohua","#graphs":100,"#levels":20,"seed":123456}},{"fetches":19,"rounds":8,"levels":18,"read_requests":19,"write_requests":0,"time":62.976406,"gen-conf":{"lang":"Ohua","#graphs":100,"#levels":20,"seed":123456}},{"fetches":19,"rounds":10,"levels":18,"read_requests":19,"write_requests":0,"time":98.626041,"gen-conf":{"lang":"Ohua","#graphs":100,"#levels":20,"seed":123456}},{"fetches":25,"rounds":11,"levels":19,"read_requests":25,"write_requests":0,"time":112.22075,"gen-conf":{"lang":"Ohua","#graphs":100,"#levels":20,"seed":123456}},{"fetches":24,"rounds":11,"levels":19,"read_requests":24,"write_requests":0,"time":119.533898,"gen-conf":{"lang":"Ohua","#graphs":100,"#levels":20,"seed":123456}},{"fetches":25,"rounds":15,"levels":19,"read_requests":25,"write_requests":0,"time":64.351681,"gen-conf":{"lang":"Ohua","#graphs":100,"#levels":20,"seed":123456}},{"fetches":20,"rounds":10,"levels":19,"read_requests":20,"write_requests":0,"time":97.656453,"gen-conf":{"lang":"Ohua","#graphs":100,"#levels":20,"seed":123456}},{"fetches":15,"rounds":8,"levels":19,"read_requests":15,"write_requests":0,"time":58.749694,"gen-conf":{"lang":"Ohua","#graphs":100,"#levels":20,"seed":123456}},{"fetches":1,"rounds":1,"levels":1,"read_requests":1,"write_requests":0,"time":5.578036,"gen-conf":{"lang":"Ohua","#graphs":100,"#levels":20,"seed":123456}},{"fetches":0,"rounds":0,"levels":1,"read_requests":0,"write_requests":0,"time":7.242106,"gen-conf":{"lang":"Ohua","#graphs":100,"#levels":20,"seed":123456}},{"fetches":0,"rounds":0,"levels":1,"read_requests":0,"write_requests":0,"time":4.721999,"gen-conf":{"lang":"Ohua","#graphs":100,"#levels":20,"seed":123456}},{"fetches":0,"rounds":0,"levels":1,"read_requests":0,"write_requests":0,"time":5.477514,"gen-conf":{"lang":"Ohua","#graphs":100,"#levels":20,"seed":123456}},{"fetches":0,"rounds":0,"levels":1,"read_requests":0,"write_requests":0,"time":4.475267,"gen-conf":{"lang":"Ohua","#graphs":100,"#levels":20,"seed":123456}},{"fetches":21,"rounds":12,"levels":20,"read_requests":21,"write_requests":0,"time":87.410405,"gen-conf":{"lang":"Ohua","#graphs":100,"#levels":20,"seed":123456}},{"fetches":17,"rounds":10,"levels":20,"read_requests":17,"write_requests":0,"time":41.363825,"gen-conf":{"lang":"Ohua","#graphs":100,"#levels":20,"seed":123456}},{"fetches":26,"rounds":12,"levels":20,"read_requests":26,"write_requests":0,"time":124.271892,"gen-conf":{"lang":"Ohua","#graphs":100,"#levels":20,"seed":123456}},{"fetches":26,"rounds":12,"levels":20,"read_requests":26,"write_requests":0,"time":59.678249,"gen-conf":{"lang":"Ohua","#graphs":100,"#levels":20,"seed":123456}},{"fetches":21,"rounds":10,"levels":20,"read_requests":21,"write_requests":0,"time":51.47028,"gen-conf":{"lang":"Ohua","#graphs":100,"#levels":20,"seed":123456}},{"fetches":1,"rounds":1,"levels":2,"read_requests":1,"write_requests":0,"time":5.938453,"gen-conf":{"lang":"Ohua","#graphs":100,"#levels":20,"seed":123456}},{"fetches":1,"rounds":1,"levels":2,"read_requests":1,"write_requests":0,"time":5.308228,"gen-conf":{"lang":"Ohua","#graphs":100,"#levels":20,"seed":123456}},{"fetches":3,"rounds":2,"levels":2,"read_requests":3,"write_requests":0,"time":11.937201,"gen-conf":{"lang":"Ohua","#graphs":100,"#levels":20,"seed":123456}},{"fetches":1,"rounds":1,"levels":2,"read_requests":1,"write_requests":0,"time":5.21628,"gen-conf":{"lang":"Ohua","#graphs":100,"#levels":20,"seed":123456}},{"fetches":2,"rounds":1,"levels":2,"read_requests":2,"write_requests":0,"time":6.842365,"gen-conf":{"lang":"Ohua","#graphs":100,"#levels":20,"seed":123456}},{"fetches":5,"rounds":2,"levels":3,"read_requests":5,"write_requests":0,"time":9.710395,"gen-conf":{"lang":"Ohua","#graphs":100,"#levels":20,"seed":123456}},{"fetches":2,"rounds":2,"levels":3,"read_requests":2,"write_requests":0,"time":21.737693,"gen-conf":{"lang":"Ohua","#graphs":100,"#levels":20,"seed":123456}},{"fetches":4,"rounds":3,"levels":3,"read_requests":4,"write_requests":0,"time":16.475121,"gen-conf":{"lang":"Ohua","#graphs":100,"#levels":20,"seed":123456}},{"fetches":4,"rounds":3,"levels":3,"read_requests":4,"write_requests":0,"time":52.739195,"gen-conf":{"lang":"Ohua","#graphs":100,"#levels":20,"seed":123456}},{"fetches":2,"rounds":2,"levels":3,"read_requests":2,"write_requests":0,"time":7.50756,"gen-conf":{"lang":"Ohua","#graphs":100,"#levels":20,"seed":123456}},{"fetches":3,"rounds":3,"levels":4,"read_requests":3,"write_requests":0,"time":7.376582,"gen-conf":{"lang":"Ohua","#graphs":100,"#levels":20,"seed":123456}},{"fetches":2,"rounds":2,"levels":4,"read_requests":2,"write_requests":0,"time":14.482364,"gen-conf":{"lang":"Ohua","#graphs":100,"#levels":20,"seed":123456}},{"fetches":4,"rounds":2,"levels":4,"read_requests":4,"write_requests":0,"time":5.920406,"gen-conf":{"lang":"Ohua","#graphs":100,"#levels":20,"seed":123456}},{"fetches":2,"rounds":2,"levels":4,"read_requests":2,"write_requests":0,"time":6.515001,"gen-conf":{"lang":"Ohua","#graphs":100,"#levels":20,"seed":123456}},{"fetches":3,"rounds":3,"levels":4,"read_requests":3,"write_requests":0,"time":19.046929,"gen-conf":{"lang":"Ohua","#graphs":100,"#levels":20,"seed":123456}},{"fetches":4,"rounds":2,"levels":5,"read_requests":4,"write_requests":0,"time":9.268411,"gen-conf":{"lang":"Ohua","#graphs":100,"#levels":20,"seed":123456}},{"fetches":5,"rounds":4,"levels":5,"read_requests":5,"write_requests":0,"time":10.673291,"gen-conf":{"lang":"Ohua","#graphs":100,"#levels":20,"seed":123456}},{"fetches":5,"rounds":3,"levels":5,"read_requests":5,"write_requests":0,"time":14.735863,"gen-conf":{"lang":"Ohua","#graphs":100,"#levels":20,"seed":123456}},{"fetches":4,"rounds":2,"levels":5,"read_requests":4,"write_requests":0,"time":16.167067,"gen-conf":{"lang":"Ohua","#graphs":100,"#levels":20,"seed":123456}},{"fetches":6,"rounds":3,"levels":5,"read_requests":6,"write_requests":0,"time":11.164598,"gen-conf":{"lang":"Ohua","#graphs":100,"#levels":20,"seed":123456}},{"fetches":6,"rounds":4,"levels":6,"read_requests":6,"write_requests":0,"time":9.368728,"gen-conf":{"lang":"Ohua","#graphs":100,"#levels":20,"seed":123456}},{"fetches":4,"rounds":3,"levels":6,"read_requests":4,"write_requests":0,"time":10.346048,"gen-conf":{"lang":"Ohua","#graphs":100,"#levels":20,"seed":123456}},{"fetches":4,"rounds":2,"levels":6,"read_requests":4,"write_requests":0,"time":10.97756,"gen-conf":{"lang":"Ohua","#graphs":100,"#levels":20,"seed":123456}},{"fetches":5,"rounds":4,"levels":6,"read_requests":5,"write_requests":0,"time":9.118321,"gen-conf":{"lang":"Ohua","#graphs":100,"#levels":20,"seed":123456}},{"fetches":6,"rounds":4,"levels":6,"read_requests":6,"write_requests":0,"time":10.08889,"gen-conf":{"lang":"Ohua","#graphs":100,"#levels":20,"seed":123456}},{"fetches":7,"rounds":4,"levels":7,"read_requests":7,"write_requests":0,"time":22.154121,"gen-conf":{"lang":"Ohua","#graphs":100,"#levels":20,"seed":123456}},{"fetches":4,"rounds":3,"levels":7,"read_requests":4,"write_requests":0,"time":8.92527,"gen-conf":{"lang":"Ohua","#graphs":100,"#levels":20,"seed":123456}},{"fetches":7,"rounds":5,"levels":7,"read_requests":7,"write_requests":0,"time":14.389295,"gen-conf":{"lang":"Ohua","#graphs":100,"#levels":20,"seed":123456}},{"fetches":5,"rounds":3,"levels":7,"read_requests":5,"write_requests":0,"time":19.056958,"gen-conf":{"lang":"Ohua","#graphs":100,"#levels":20,"seed":123456}},{"fetches":8,"rounds":3,"levels":7,"read_requests":8,"write_requests":0,"time":24.142237,"gen-conf":{"lang":"Ohua","#graphs":100,"#levels":20,"seed":123456}},{"fetches":10,"rounds":6,"levels":8,"read_requests":10,"write_requests":0,"time":61.742744,"gen-conf":{"lang":"Ohua","#graphs":100,"#levels":20,"seed":123456}},{"fetches":6,"rounds":3,"levels":8,"read_requests":6,"write_requests":0,"time":19.945377,"gen-conf":{"lang":"Ohua","#graphs":100,"#levels":20,"seed":123456}},{"fetches":10,"rounds":6,"levels":8,"read_requests":10,"write_requests":0,"time":23.37039,"gen-conf":{"lang":"Ohua","#graphs":100,"#levels":20,"seed":123456}},{"fetches":4,"rounds":4,"levels":8,"read_requests":4,"write_requests":0,"time":11.842947,"gen-conf":{"lang":"Ohua","#graphs":100,"#levels":20,"seed":123456}},{"fetches":11,"rounds":5,"levels":8,"read_requests":11,"write_requests":0,"time":17.918583,"gen-conf":{"lang":"Ohua","#graphs":100,"#levels":20,"seed":123456}},{"fetches":9,"rounds":5,"levels":9,"read_requests":9,"write_requests":0,"time":33.818668,"gen-conf":{"lang":"Ohua","#graphs":100,"#levels":20,"seed":123456}},{"fetches":11,"rounds":5,"levels":9,"read_requests":11,"write_requests":0,"time":17.694476,"gen-conf":{"lang":"Ohua","#graphs":100,"#levels":20,"seed":123456}},{"fetches":14,"rounds":6,"levels":9,"read_requests":14,"write_requests":0,"time":22.987586,"gen-conf":{"lang":"Ohua","#graphs":100,"#levels":20,"seed":123456}},{"fetches":9,"rounds":5,"levels":9,"read_requests":9,"write_requests":0,"time":20.496035,"gen-conf":{"lang":"Ohua","#graphs":100,"#levels":20,"seed":123456}},{"fetches":12,"rounds":6,"levels":9,"read_requests":12,"write_requests":0,"time":20.861297,"gen-conf":{"lang":"Ohua","#graphs":100,"#levels":20,"seed":123456}}]