[{"fetches":36,"rounds":15,"levels":17,"read_requests":36,"write_requests":0,"time":7633.647282,"gen_conf":{"lang":"Ohua","#graphs":1,"#levels":17,"%slow":0,"level_width":4,"%ifs":0.8,"seed":123456,"inline_if":false}},{"fetches":36,"rounds":15,"levels":17,"read_requests":36,"write_requests":0,"time":7680.396917,"gen_conf":{"lang":"Ohua","#graphs":1,"#levels":17,"%slow":0.0125,"level_width":4,"%ifs":0.8,"seed":123456,"inline_if":false}},{"fetches":38,"rounds":15,"levels":17,"read_requests":38,"write_requests":0,"time":9652.198183,"gen_conf":{"lang":"Ohua","#graphs":1,"#levels":17,"%slow":0.025,"level_width":4,"%ifs":0.8,"seed":123456,"inline_if":false}},{"fetches":39,"rounds":15,"levels":17,"read_requests":39,"write_requests":0,"time":11693.757522,"gen_conf":{"lang":"Ohua","#graphs":1,"#levels":17,"%slow":0.037500000000000006,"level_width":4,"%ifs":0.8,"seed":123456,"inline_if":false}},{"fetches":39,"rounds":15,"levels":17,"read_requests":39,"write_requests":0,"time":11651.129983,"gen_conf":{"lang":"Ohua","#graphs":1,"#levels":17,"%slow":0.05,"level_width":4,"%ifs":0.8,"seed":123456,"inline_if":false}},{"fetches":39,"rounds":15,"levels":17,"read_requests":39,"write_requests":0,"time":11658.889453,"gen_conf":{"lang":"Ohua","#graphs":1,"#levels":17,"%slow":0.0625,"level_width":4,"%ifs":0.8,"seed":123456,"inline_if":false}},{"fetches":40,"rounds":15,"levels":17,"read_requests":40,"write_requests":0,"time":13647.249022,"gen_conf":{"lang":"Ohua","#graphs":1,"#levels":17,"%slow":0.075,"level_width":4,"%ifs":0.8,"seed":123456,"inline_if":false}},{"fetches":42,"rounds":15,"levels":17,"read_requests":42,"write_requests":0,"time":15649.175343,"gen_conf":{"lang":"Ohua","#graphs":1,"#levels":17,"%slow":0.0875,"level_width":4,"%ifs":0.8,"seed":123456,"inline_if":false}},{"fetches":42,"rounds":15,"levels":17,"read_requests":42,"write_requests":0,"time":15669.785073,"gen_conf":{"lang":"Ohua","#graphs":1,"#levels":17,"%slow":0.09999999999999999,"level_width":4,"%ifs":0.8,"seed":123456,"inline_if":false}},{"fetches":44,"rounds":15,"levels":17,"read_requests":44,"write_requests":0,"time":19654.7276,"gen_conf":{"lang":"Ohua","#graphs":1,"#levels":17,"%slow":0.11249999999999999,"level_width":4,"%ifs":0.8,"seed":123456,"inline_if":false}},{"fetches":45,"rounds":15,"levels":17,"read_requests":45,"write_requests":0,"time":19624.536215,"gen_conf":{"lang":"Ohua","#graphs":1,"#levels":17,"%slow":0.12499999999999999,"level_width":4,"%ifs":0.8,"seed":123456,"inline_if":false}},{"fetches":45,"rounds":15,"levels":17,"read_requests":45,"write_requests":0,"time":19622.367513,"gen_conf":{"lang":"Ohua","#graphs":1,"#levels":17,"%slow":0.13749999999999998,"level_width":4,"%ifs":0.8,"seed":123456,"inline_if":false}},{"fetches":46,"rounds":15,"levels":17,"read_requests":46,"write_requests":0,"time":19630.527682,"gen_conf":{"lang":"Ohua","#graphs":1,"#levels":17,"%slow":0.15,"level_width":4,"%ifs":0.8,"seed":123456,"inline_if":false}},{"fetches":46,"rounds":15,"levels":17,"read_requests":46,"write_requests":0,"time":19631.549538,"gen_conf":{"lang":"Ohua","#graphs":1,"#levels":17,"%slow":0.1625,"level_width":4,"%ifs":0.8,"seed":123456,"inline_if":false}},{"fetches":47,"rounds":15,"levels":17,"read_requests":47,"write_requests":0,"time":19624.13202,"gen_conf":{"lang":"Ohua","#graphs":1,"#levels":17,"%slow":0.17500000000000002,"level_width":4,"%ifs":0.8,"seed":123456,"inline_if":false}},{"fetches":47,"rounds":15,"levels":17,"read_requests":47,"write_requests":0,"time":19614.832923,"gen_conf":{"lang":"Ohua","#graphs":1,"#levels":17,"%slow":0.18750000000000003,"level_width":4,"%ifs":0.8,"seed":123456,"inline_if":false}},{"fetches":48,"rounds":15,"levels":17,"read_requests":48,"write_requests":0,"time":19660.574348,"gen_conf":{"lang":"Ohua","#graphs":1,"#levels":17,"%slow":0.20000000000000004,"level_width":4,"%ifs":0.8,"seed":123456,"inline_if":false}},{"fetches":51,"rounds":15,"levels":17,"read_requests":51,"write_requests":0,"time":21650.766078,"gen_conf":{"lang":"Ohua","#graphs":1,"#levels":17,"%slow":0.21250000000000005,"level_width":4,"%ifs":0.8,"seed":123456,"inline_if":false}},{"fetches":52,"rounds":15,"levels":17,"read_requests":52,"write_requests":0,"time":23662.719625,"gen_conf":{"lang":"Ohua","#graphs":1,"#levels":17,"%slow":0.22500000000000006,"level_width":4,"%ifs":0.8,"seed":123456,"inline_if":false}},{"fetches":53,"rounds":16,"levels":17,"read_requests":53,"write_requests":0,"time":25687.913994,"gen_conf":{"lang":"Ohua","#graphs":1,"#levels":17,"%slow":0.23750000000000007,"level_width":4,"%ifs":0.8,"seed":123456,"inline_if":false}},{"fetches":55,"rounds":16,"levels":17,"read_requests":55,"write_requests":0,"time":25653.955225,"gen_conf":{"lang":"Ohua","#graphs":1,"#levels":17,"%slow":0.25000000000000006,"level_width":4,"%ifs":0.8,"seed":123456,"inline_if":false}},{"fetches":57,"rounds":16,"levels":17,"read_requests":57,"write_requests":0,"time":27677.348272,"gen_conf":{"lang":"Ohua","#graphs":1,"#levels":17,"%slow":0.26250000000000007,"level_width":4,"%ifs":0.8,"seed":123456,"inline_if":false}},{"fetches":58,"rounds":16,"levels":17,"read_requests":58,"write_requests":0,"time":27674.180972,"gen_conf":{"lang":"Ohua","#graphs":1,"#levels":17,"%slow":0.2750000000000001,"level_width":4,"%ifs":0.8,"seed":123456,"inline_if":false}},{"fetches":59,"rounds":16,"levels":17,"read_requests":59,"write_requests":0,"time":27727.829185,"gen_conf":{"lang":"Ohua","#graphs":1,"#levels":17,"%slow":0.2875000000000001,"level_width":4,"%ifs":0.8,"seed":123456,"inline_if":false}},{"fetches":28,"rounds":15,"levels":17,"read_requests":28,"write_requests":0,"time":7713.943866,"gen_conf":{"lang":"Ohua","#graphs":1,"#levels":17,"%slow":0,"level_width":4,"%ifs":0.8,"seed":123456,"inline_if":true}},{"fetches":28,"rounds":15,"levels":17,"read_requests":28,"write_requests":0,"time":7949.467075,"gen_conf":{"lang":"Ohua","#graphs":1,"#levels":17,"%slow":0.0125,"level_width":4,"%ifs":0.8,"seed":123456,"inline_if":true}},{"fetches":30,"rounds":15,"levels":17,"read_requests":30,"write_requests":0,"time":9842.267698,"gen_conf":{"lang":"Ohua","#graphs":1,"#levels":17,"%slow":0.025,"level_width":4,"%ifs":0.8,"seed":123456,"inline_if":true}},{"fetches":31,"rounds":15,"levels":17,"read_requests":31,"write_requests":0,"time":11854.536536,"gen_conf":{"lang":"Ohua","#graphs":1,"#levels":17,"%slow":0.037500000000000006,"level_width":4,"%ifs":0.8,"seed":123456,"inline_if":true}},{"fetches":31,"rounds":15,"levels":17,"read_requests":31,"write_requests":0,"time":11828.086802,"gen_conf":{"lang":"Ohua","#graphs":1,"#levels":17,"%slow":0.05,"level_width":4,"%ifs":0.8,"seed":123456,"inline_if":true}},{"fetches":31,"rounds":15,"levels":17,"read_requests":31,"write_requests":0,"time":11821.8383,"gen_conf":{"lang":"Ohua","#graphs":1,"#levels":17,"%slow":0.0625,"level_width":4,"%ifs":0.8,"seed":123456,"inline_if":true}},{"fetches":31,"rounds":15,"levels":17,"read_requests":31,"write_requests":0,"time":12023.163596,"gen_conf":{"lang":"Ohua","#graphs":1,"#levels":17,"%slow":0.075,"level_width":4,"%ifs":0.8,"seed":123456,"inline_if":true}},{"fetches":32,"rounds":15,"levels":17,"read_requests":32,"write_requests":0,"time":14477.608993,"gen_conf":{"lang":"Ohua","#graphs":1,"#levels":17,"%slow":0.0875,"level_width":4,"%ifs":0.8,"seed":123456,"inline_if":true}},{"fetches":32,"rounds":18,"levels":17,"read_requests":32,"write_requests":0,"time":15312.939669,"gen_conf":{"lang":"Ohua","#graphs":1,"#levels":17,"%slow":0.09999999999999999,"level_width":4,"%ifs":0.8,"seed":123456,"inline_if":true}},{"fetches":33,"rounds":16,"levels":17,"read_requests":33,"write_requests":0,"time":16549.124153,"gen_conf":{"lang":"Ohua","#graphs":1,"#levels":17,"%slow":0.11249999999999999,"level_width":4,"%ifs":0.8,"seed":123456,"inline_if":true}},{"fetches":33,"rounds":18,"levels":17,"read_requests":33,"write_requests":0,"time":17753.414619,"gen_conf":{"lang":"Ohua","#graphs":1,"#levels":17,"%slow":0.12499999999999999,"level_width":4,"%ifs":0.8,"seed":123456,"inline_if":true}},{"fetches":33,"rounds":16,"levels":17,"read_requests":33,"write_requests":0,"time":16836.192596,"gen_conf":{"lang":"Ohua","#graphs":1,"#levels":17,"%slow":0.13749999999999998,"level_width":4,"%ifs":0.8,"seed":123456,"inline_if":true}},{"fetches":34,"rounds":17,"levels":17,"read_requests":34,"write_requests":0,"time":18994.710727,"gen_conf":{"lang":"Ohua","#graphs":1,"#levels":17,"%slow":0.15,"level_width":4,"%ifs":0.8,"seed":123456,"inline_if":true}},{"fetches":34,"rounds":17,"levels":17,"read_requests":34,"write_requests":0,"time":18686.439211,"gen_conf":{"lang":"Ohua","#graphs":1,"#levels":17,"%slow":0.1625,"level_width":4,"%ifs":0.8,"seed":123456,"inline_if":true}},{"fetches":35,"rounds":17,"levels":17,"read_requests":35,"write_requests":0,"time":18010.717264,"gen_conf":{"lang":"Ohua","#graphs":1,"#levels":17,"%slow":0.17500000000000002,"level_width":4,"%ifs":0.8,"seed":123456,"inline_if":true}},{"fetches":35,"rounds":16,"levels":17,"read_requests":35,"write_requests":0,"time":17685.406329,"gen_conf":{"lang":"Ohua","#graphs":1,"#levels":17,"%slow":0.18750000000000003,"level_width":4,"%ifs":0.8,"seed":123456,"inline_if":true}},{"fetches":36,"rounds":19,"levels":17,"read_requests":36,"write_requests":0,"time":19260.078997,"gen_conf":{"lang":"Ohua","#graphs":1,"#levels":17,"%slow":0.20000000000000004,"level_width":4,"%ifs":0.8,"seed":123456,"inline_if":true}},{"fetches":39,"rounds":17,"levels":17,"read_requests":39,"write_requests":0,"time":22891.323028,"gen_conf":{"lang":"Ohua","#graphs":1,"#levels":17,"%slow":0.21250000000000005,"level_width":4,"%ifs":0.8,"seed":123456,"inline_if":true}},{"fetches":40,"rounds":17,"levels":17,"read_requests":40,"write_requests":0,"time":24137.695753,"gen_conf":{"lang":"Ohua","#graphs":1,"#levels":17,"%slow":0.22500000000000006,"level_width":4,"%ifs":0.8,"seed":123456,"inline_if":true}},{"fetches":41,"rounds":19,"levels":17,"read_requests":41,"write_requests":0,"time":24607.293873,"gen_conf":{"lang":"Ohua","#graphs":1,"#levels":17,"%slow":0.23750000000000007,"level_width":4,"%ifs":0.8,"seed":123456,"inline_if":true}},{"fetches":43,"rounds":18,"levels":17,"read_requests":43,"write_requests":0,"time":29437.533346,"gen_conf":{"lang":"Ohua","#graphs":1,"#levels":17,"%slow":0.25000000000000006,"level_width":4,"%ifs":0.8,"seed":123456,"inline_if":true}},{"fetches":44,"rounds":20,"levels":17,"read_requests":44,"write_requests":0,"time":27936.502769,"gen_conf":{"lang":"Ohua","#graphs":1,"#levels":17,"%slow":0.26250000000000007,"level_width":4,"%ifs":0.8,"seed":123456,"inline_if":true}},{"fetches":45,"rounds":20,"levels":17,"read_requests":45,"write_requests":0,"time":27719.090978,"gen_conf":{"lang":"Ohua","#graphs":1,"#levels":17,"%slow":0.2750000000000001,"level_width":4,"%ifs":0.8,"seed":123456,"inline_if":true}},{"fetches":46,"rounds":20,"levels":17,"read_requests":46,"write_requests":0,"time":27030.572424,"gen_conf":{"lang":"Ohua","#graphs":1,"#levels":17,"%slow":0.2875000000000001,"level_width":4,"%ifs":0.8,"seed":123456,"inline_if":true}},{"fetches":31,"rounds":12,"levels":17,"read_requests":31,"write_requests":0,"time":6069.602608,"gen_conf":{"lang":"Ohua","#graphs":1,"#levels":17,"%slow":0,"level_width":4,"%ifs":0.8,"seed":234567,"inline_if":false}},{"fetches":31,"rounds":12,"levels":17,"read_requests":31,"write_requests":0,"time":6067.848554,"gen_conf":{"lang":"Ohua","#graphs":1,"#levels":17,"%slow":0.0125,"level_width":4,"%ifs":0.8,"seed":234567,"inline_if":false}},{"fetches":31,"rounds":12,"levels":17,"read_requests":31,"write_requests":0,"time":6074.568905,"gen_conf":{"lang":"Ohua","#graphs":1,"#levels":17,"%slow":0.025,"level_width":4,"%ifs":0.8,"seed":234567,"inline_if":false}},{"fetches":31,"rounds":12,"levels":17,"read_requests":31,"write_requests":0,"time":6067.782992,"gen_conf":{"lang":"Ohua","#graphs":1,"#levels":17,"%slow":0.037500000000000006,"level_width":4,"%ifs":0.8,"seed":234567,"inline_if":false}},{"fetches":32,"rounds":12,"levels":17,"read_requests":32,"write_requests":0,"time":8061.696013,"gen_conf":{"lang":"Ohua","#graphs":1,"#levels":17,"%slow":0.05,"level_width":4,"%ifs":0.8,"seed":234567,"inline_if":false}},{"fetches":32,"rounds":12,"levels":17,"read_requests":32,"write_requests":0,"time":8059.64526,"gen_conf":{"lang":"Ohua","#graphs":1,"#levels":17,"%slow":0.0625,"level_width":4,"%ifs":0.8,"seed":234567,"inline_if":false}},{"fetches":34,"rounds":12,"levels":17,"read_requests":34,"write_requests":0,"time":12060.842886,"gen_conf":{"lang":"Ohua","#graphs":1,"#levels":17,"%slow":0.075,"level_width":4,"%ifs":0.8,"seed":234567,"inline_if":false}},{"fetches":35,"rounds":13,"levels":17,"read_requests":35,"write_requests":0,"time":14591.98646,"gen_conf":{"lang":"Ohua","#graphs":1,"#levels":17,"%slow":0.0875,"level_width":4,"%ifs":0.8,"seed":234567,"inline_if":false}},{"fetches":35,"rounds":13,"levels":17,"read_requests":35,"write_requests":0,"time":14561.301351,"gen_conf":{"lang":"Ohua","#graphs":1,"#levels":17,"%slow":0.09999999999999999,"level_width":4,"%ifs":0.8,"seed":234567,"inline_if":false}},{"fetches":35,"rounds":13,"levels":17,"read_requests":35,"write_requests":0,"time":14596.725963,"gen_conf":{"lang":"Ohua","#graphs":1,"#levels":17,"%slow":0.11249999999999999,"level_width":4,"%ifs":0.8,"seed":234567,"inline_if":false}},{"fetches":37,"rounds":14,"levels":17,"read_requests":37,"write_requests":0,"time":17068.041022,"gen_conf":{"lang":"Ohua","#graphs":1,"#levels":17,"%slow":0.12499999999999999,"level_width":4,"%ifs":0.8,"seed":234567,"inline_if":false}},{"fetches":39,"rounds":14,"levels":17,"read_requests":39,"write_requests":0,"time":19071.285554,"gen_conf":{"lang":"Ohua","#graphs":1,"#levels":17,"%slow":0.13749999999999998,"level_width":4,"%ifs":0.8,"seed":234567,"inline_if":false}},{"fetches":39,"rounds":14,"levels":17,"read_requests":39,"write_requests":0,"time":19064.465312,"gen_conf":{"lang":"Ohua","#graphs":1,"#levels":17,"%slow":0.15,"level_width":4,"%ifs":0.8,"seed":234567,"inline_if":false}},{"fetches":39,"rounds":14,"levels":17,"read_requests":39,"write_requests":0,"time":19071.462199,"gen_conf":{"lang":"Ohua","#graphs":1,"#levels":17,"%slow":0.1625,"level_width":4,"%ifs":0.8,"seed":234567,"inline_if":false}},{"fetches":40,"rounds":14,"levels":17,"read_requests":40,"write_requests":0,"time":21077.298857,"gen_conf":{"lang":"Ohua","#graphs":1,"#levels":17,"%slow":0.17500000000000002,"level_width":4,"%ifs":0.8,"seed":234567,"inline_if":false}},{"fetches":40,"rounds":14,"levels":17,"read_requests":40,"write_requests":0,"time":21078.876559,"gen_conf":{"lang":"Ohua","#graphs":1,"#levels":17,"%slow":0.18750000000000003,"level_width":4,"%ifs":0.8,"seed":234567,"inline_if":false}},{"fetches":40,"rounds":14,"levels":17,"read_requests":40,"write_requests":0,"time":21080.924244,"gen_conf":{"lang":"Ohua","#graphs":1,"#levels":17,"%slow":0.20000000000000004,"level_width":4,"%ifs":0.8,"seed":234567,"inline_if":false}},{"fetches":40,"rounds":14,"levels":17,"read_requests":40,"write_requests":0,"time":21139.904435,"gen_conf":{"lang":"Ohua","#graphs":1,"#levels":17,"%slow":0.21250000000000005,"level_width":4,"%ifs":0.8,"seed":234567,"inline_if":false}},{"fetches":40,"rounds":14,"levels":17,"read_requests":40,"write_requests":0,"time":21082.9019,"gen_conf":{"lang":"Ohua","#graphs":1,"#levels":17,"%slow":0.22500000000000006,"level_width":4,"%ifs":0.8,"seed":234567,"inline_if":false}},{"fetches":41,"rounds":15,"levels":17,"read_requests":41,"write_requests":0,"time":21096.453194,"gen_conf":{"lang":"Ohua","#graphs":1,"#levels":17,"%slow":0.23750000000000007,"level_width":4,"%ifs":0.8,"seed":234567,"inline_if":false}},{"fetches":41,"rounds":15,"levels":17,"read_requests":41,"write_requests":0,"time":21104.616672,"gen_conf":{"lang":"Ohua","#graphs":1,"#levels":17,"%slow":0.25000000000000006,"level_width":4,"%ifs":0.8,"seed":234567,"inline_if":false}},{"fetches":41,"rounds":15,"levels":17,"read_requests":41,"write_requests":0,"time":21093.15294,"gen_conf":{"lang":"Ohua","#graphs":1,"#levels":17,"%slow":0.26250000000000007,"level_width":4,"%ifs":0.8,"seed":234567,"inline_if":false}},{"fetches":41,"rounds":15,"levels":17,"read_requests":41,"write_requests":0,"time":21093.337003,"gen_conf":{"lang":"Ohua","#graphs":1,"#levels":17,"%slow":0.2750000000000001,"level_width":4,"%ifs":0.8,"seed":234567,"inline_if":false}},{"fetches":42,"rounds":16,"levels":17,"read_requests":42,"write_requests":0,"time":23088.359175,"gen_conf":{"lang":"Ohua","#graphs":1,"#levels":17,"%slow":0.2875000000000001,"level_width":4,"%ifs":0.8,"seed":234567,"inline_if":false}},{"fetches":27,"rounds":13,"levels":17,"read_requests":27,"write_requests":0,"time":6669.500258,"gen_conf":{"lang":"Ohua","#graphs":1,"#levels":17,"%slow":0,"level_width":4,"%ifs":0.8,"seed":234567,"inline_if":true}},{"fetches":27,"rounds":13,"levels":17,"read_requests":27,"write_requests":0,"time":6659.747386,"gen_conf":{"lang":"Ohua","#graphs":1,"#levels":17,"%slow":0.0125,"level_width":4,"%ifs":0.8,"seed":234567,"inline_if":true}},{"fetches":27,"rounds":13,"levels":17,"read_requests":27,"write_requests":0,"time":6668.272229,"gen_conf":{"lang":"Ohua","#graphs":1,"#levels":17,"%slow":0.025,"level_width":4,"%ifs":0.8,"seed":234567,"inline_if":true}},{"fetches":27,"rounds":13,"levels":17,"read_requests":27,"write_requests":0,"time":6657.882784,"gen_conf":{"lang":"Ohua","#graphs":1,"#levels":17,"%slow":0.037500000000000006,"level_width":4,"%ifs":0.8,"seed":234567,"inline_if":true}},{"fetches":28,"rounds":12,"levels":17,"read_requests":28,"write_requests":0,"time":8164.624975,"gen_conf":{"lang":"Ohua","#graphs":1,"#levels":17,"%slow":0.05,"level_width":4,"%ifs":0.8,"seed":234567,"inline_if":true}},{"fetches":28,"rounds":12,"levels":17,"read_requests":28,"write_requests":0,"time":8181.845386,"gen_conf":{"lang":"Ohua","#graphs":1,"#levels":17,"%slow":0.0625,"level_width":4,"%ifs":0.8,"seed":234567,"inline_if":true}},{"fetches":29,"rounds":14,"levels":17,"read_requests":29,"write_requests":0,"time":10650.09324,"gen_conf":{"lang":"Ohua","#graphs":1,"#levels":17,"%slow":0.075,"level_width":4,"%ifs":0.8,"seed":234567,"inline_if":true}},{"fetches":30,"rounds":14,"levels":17,"read_requests":30,"write_requests":0,"time":12777.809008,"gen_conf":{"lang":"Ohua","#graphs":1,"#levels":17,"%slow":0.0875,"level_width":4,"%ifs":0.8,"seed":234567,"inline_if":true}},{"fetches":30,"rounds":14,"levels":17,"read_requests":30,"write_requests":0,"time":12685.92295,"gen_conf":{"lang":"Ohua","#graphs":1,"#levels":17,"%slow":0.09999999999999999,"level_width":4,"%ifs":0.8,"seed":234567,"inline_if":true}},{"fetches":30,"rounds":14,"levels":17,"read_requests":30,"write_requests":0,"time":12718.874441,"gen_conf":{"lang":"Ohua","#graphs":1,"#levels":17,"%slow":0.11249999999999999,"level_width":4,"%ifs":0.8,"seed":234567,"inline_if":true}},{"fetches":32,"rounds":15,"levels":17,"read_requests":32,"write_requests":0,"time":15194.205026,"gen_conf":{"lang":"Ohua","#graphs":1,"#levels":17,"%slow":0.12499999999999999,"level_width":4,"%ifs":0.8,"seed":234567,"inline_if":true}},{"fetches":34,"rounds":14,"levels":17,"read_requests":34,"write_requests":0,"time":16628.14582,"gen_conf":{"lang":"Ohua","#graphs":1,"#levels":17,"%slow":0.13749999999999998,"level_width":4,"%ifs":0.8,"seed":234567,"inline_if":true}},{"fetches":34,"rounds":14,"levels":17,"read_requests":34,"write_requests":0,"time":16635.763288,"gen_conf":{"lang":"Ohua","#graphs":1,"#levels":17,"%slow":0.15,"level_width":4,"%ifs":0.8,"seed":234567,"inline_if":true}},{"fetches":34,"rounds":14,"levels":17,"read_requests":34,"write_requests":0,"time":16622.791513,"gen_conf":{"lang":"Ohua","#graphs":1,"#levels":17,"%slow":0.1625,"level_width":4,"%ifs":0.8,"seed":234567,"inline_if":true}},{"fetches":35,"rounds":14,"levels":17,"read_requests":35,"write_requests":0,"time":18612.884898,"gen_conf":{"lang":"Ohua","#graphs":1,"#levels":17,"%slow":0.17500000000000002,"level_width":4,"%ifs":0.8,"seed":234567,"inline_if":true}},{"fetches":35,"rounds":14,"levels":17,"read_requests":35,"write_requests":0,"time":18686.704996,"gen_conf":{"lang":"Ohua","#graphs":1,"#levels":17,"%slow":0.18750000000000003,"level_width":4,"%ifs":0.8,"seed":234567,"inline_if":true}},{"fetches":35,"rounds":15,"levels":17,"read_requests":35,"write_requests":0,"time":18615.338644,"gen_conf":{"lang":"Ohua","#graphs":1,"#levels":17,"%slow":0.20000000000000004,"level_width":4,"%ifs":0.8,"seed":234567,"inline_if":true}},{"fetches":35,"rounds":15,"levels":17,"read_requests":35,"write_requests":0,"time":18686.846266,"gen_conf":{"lang":"Ohua","#graphs":1,"#levels":17,"%slow":0.21250000000000005,"level_width":4,"%ifs":0.8,"seed":234567,"inline_if":true}},{"fetches":35,"rounds":14,"levels":17,"read_requests":35,"write_requests":0,"time":18604.452483,"gen_conf":{"lang":"Ohua","#graphs":1,"#levels":17,"%slow":0.22500000000000006,"level_width":4,"%ifs":0.8,"seed":234567,"inline_if":true}},{"fetches":35,"rounds":16,"levels":17,"read_requests":35,"write_requests":0,"time":19100.259182,"gen_conf":{"lang":"Ohua","#graphs":1,"#levels":17,"%slow":0.23750000000000007,"level_width":4,"%ifs":0.8,"seed":234567,"inline_if":true}},{"fetches":35,"rounds":16,"levels":17,"read_requests":35,"write_requests":0,"time":19107.009212,"gen_conf":{"lang":"Ohua","#graphs":1,"#levels":17,"%slow":0.25000000000000006,"level_width":4,"%ifs":0.8,"seed":234567,"inline_if":true}},{"fetches":35,"rounds":16,"levels":17,"read_requests":35,"write_requests":0,"time":19106.440308,"gen_conf":{"lang":"Ohua","#graphs":1,"#levels":17,"%slow":0.26250000000000007,"level_width":4,"%ifs":0.8,"seed":234567,"inline_if":true}},{"fetches":35,"rounds":16,"levels":17,"read_requests":35,"write_requests":0,"time":19152.666632,"gen_conf":{"lang":"Ohua","#graphs":1,"#levels":17,"%slow":0.2750000000000001,"level_width":4,"%ifs":0.8,"seed":234567,"inline_if":true}},{"fetches":35,"rounds":17,"levels":17,"read_requests":35,"write_requests":0,"time":19199.213803,"gen_conf":{"lang":"Ohua","#graphs":1,"#levels":17,"%slow":0.2875000000000001,"level_width":4,"%ifs":0.8,"seed":234567,"inline_if":true}},{"fetches":29,"rounds":10,"levels":17,"read_requests":29,"write_requests":0,"time":5078.86113,"gen_conf":{"lang":"Ohua","#graphs":1,"#levels":17,"%slow":0,"level_width":4,"%ifs":0.8,"seed":111111,"inline_if":false}},{"fetches":30,"rounds":11,"levels":17,"read_requests":30,"write_requests":0,"time":7151.56156,"gen_conf":{"lang":"Ohua","#graphs":1,"#levels":17,"%slow":0.0125,"level_width":4,"%ifs":0.8,"seed":111111,"inline_if":false}},{"fetches":32,"rounds":11,"levels":17,"read_requests":32,"write_requests":0,"time":9073.15824,"gen_conf":{"lang":"Ohua","#graphs":1,"#levels":17,"%slow":0.025,"level_width":4,"%ifs":0.8,"seed":111111,"inline_if":false}},{"fetches":32,"rounds":11,"levels":17,"read_requests":32,"write_requests":0,"time":9076.386153,"gen_conf":{"lang":"Ohua","#graphs":1,"#levels":17,"%slow":0.037500000000000006,"level_width":4,"%ifs":0.8,"seed":111111,"inline_if":false}},{"fetches":33,"rounds":11,"levels":17,"read_requests":33,"write_requests":0,"time":11075.348277,"gen_conf":{"lang":"Ohua","#graphs":1,"#levels":17,"%slow":0.05,"level_width":4,"%ifs":0.8,"seed":111111,"inline_if":false}},{"fetches":34,"rounds":11,"levels":17,"read_requests":34,"write_requests":0,"time":11080.687876,"gen_conf":{"lang":"Ohua","#graphs":1,"#levels":17,"%slow":0.0625,"level_width":4,"%ifs":0.8,"seed":111111,"inline_if":false}},{"fetches":35,"rounds":12,"levels":17,"read_requests":35,"write_requests":0,"time":13068.150755,"gen_conf":{"lang":"Ohua","#graphs":1,"#levels":17,"%slow":0.075,"level_width":4,"%ifs":0.8,"seed":111111,"inline_if":false}},{"fetches":35,"rounds":12,"levels":17,"read_requests":35,"write_requests":0,"time":13073.856275,"gen_conf":{"lang":"Ohua","#graphs":1,"#levels":17,"%slow":0.0875,"level_width":4,"%ifs":0.8,"seed":111111,"inline_if":false}},{"fetches":35,"rounds":12,"levels":17,"read_requests":35,"write_requests":0,"time":13070.215744,"gen_conf":{"lang":"Ohua","#graphs":1,"#levels":17,"%slow":0.09999999999999999,"level_width":4,"%ifs":0.8,"seed":111111,"inline_if":false}},{"fetches":37,"rounds":12,"levels":17,"read_requests":37,"write_requests":0,"time":13091.652106,"gen_conf":{"lang":"Ohua","#graphs":1,"#levels":17,"%slow":0.11249999999999999,"level_width":4,"%ifs":0.8,"seed":111111,"inline_if":false}},{"fetches":37,"rounds":12,"levels":17,"read_requests":37,"write_requests":0,"time":13094.952797,"gen_conf":{"lang":"Ohua","#graphs":1,"#levels":17,"%slow":0.12499999999999999,"level_width":4,"%ifs":0.8,"seed":111111,"inline_if":false}},{"fetches":38,"rounds":12,"levels":17,"read_requests":38,"write_requests":0,"time":15087.283425,"gen_conf":{"lang":"Ohua","#graphs":1,"#levels":17,"%slow":0.13749999999999998,"level_width":4,"%ifs":0.8,"seed":111111,"inline_if":false}},{"fetches":41,"rounds":13,"levels":17,"read_requests":41,"write_requests":0,"time":19118.784104,"gen_conf":{"lang":"Ohua","#graphs":1,"#levels":17,"%slow":0.15,"level_width":4,"%ifs":0.8,"seed":111111,"inline_if":false}},{"fetches":42,"rounds":13,"levels":17,"read_requests":42,"write_requests":0,"time":21092.574167,"gen_conf":{"lang":"Ohua","#graphs":1,"#levels":17,"%slow":0.1625,"level_width":4,"%ifs":0.8,"seed":111111,"inline_if":false}},{"fetches":42,"rounds":13,"levels":17,"read_requests":42,"write_requests":0,"time":21093.66117,"gen_conf":{"lang":"Ohua","#graphs":1,"#levels":17,"%slow":0.17500000000000002,"level_width":4,"%ifs":0.8,"seed":111111,"inline_if":false}},{"fetches":43,"rounds":13,"levels":17,"read_requests":43,"write_requests":0,"time":21106.011679,"gen_conf":{"lang":"Ohua","#graphs":1,"#levels":17,"%slow":0.18750000000000003,"level_width":4,"%ifs":0.8,"seed":111111,"inline_if":false}},{"fetches":44,"rounds":13,"levels":17,"read_requests":44,"write_requests":0,"time":21084.867762,"gen_conf":{"lang":"Ohua","#graphs":1,"#levels":17,"%slow":0.20000000000000004,"level_width":4,"%ifs":0.8,"seed":111111,"inline_if":false}},{"fetches":46,"rounds":14,"levels":17,"read_requests":46,"write_requests":0,"time":25130.299971,"gen_conf":{"lang":"Ohua","#graphs":1,"#levels":17,"%slow":0.21250000000000005,"level_width":4,"%ifs":0.8,"seed":111111,"inline_if":false}},{"fetches":47,"rounds":14,"levels":17,"read_requests":47,"write_requests":0,"time":27085.718785,"gen_conf":{"lang":"Ohua","#graphs":1,"#levels":17,"%slow":0.22500000000000006,"level_width":4,"%ifs":0.8,"seed":111111,"inline_if":false}},{"fetches":48,"rounds":14,"levels":17,"read_requests":48,"write_requests":0,"time":27097.111331,"gen_conf":{"lang":"Ohua","#graphs":1,"#levels":17,"%slow":0.23750000000000007,"level_width":4,"%ifs":0.8,"seed":111111,"inline_if":false}},{"fetches":48,"rounds":14,"levels":17,"read_requests":48,"write_requests":0,"time":27094.465438,"gen_conf":{"lang":"Ohua","#graphs":1,"#levels":17,"%slow":0.25000000000000006,"level_width":4,"%ifs":0.8,"seed":111111,"inline_if":false}},{"fetches":49,"rounds":14,"levels":17,"read_requests":49,"write_requests":0,"time":27087.183011,"gen_conf":{"lang":"Ohua","#graphs":1,"#levels":17,"%slow":0.26250000000000007,"level_width":4,"%ifs":0.8,"seed":111111,"inline_if":false}},{"fetches":50,"rounds":14,"levels":17,"read_requests":50,"write_requests":0,"time":27215.721913,"gen_conf":{"lang":"Ohua","#graphs":1,"#levels":17,"%slow":0.2750000000000001,"level_width":4,"%ifs":0.8,"seed":111111,"inline_if":false}},{"fetches":50,"rounds":14,"levels":17,"read_requests":50,"write_requests":0,"time":27136.532657,"gen_conf":{"lang":"Ohua","#graphs":1,"#levels":17,"%slow":0.2875000000000001,"level_width":4,"%ifs":0.8,"seed":111111,"inline_if":false}},{"fetches":22,"rounds":10,"levels":17,"read_requests":22,"write_requests":0,"time":5109.397994,"gen_conf":{"lang":"Ohua","#graphs":1,"#levels":17,"%slow":0,"level_width":4,"%ifs":0.8,"seed":111111,"inline_if":true}},{"fetches":23,"rounds":11,"levels":17,"read_requests":23,"write_requests":0,"time":7653.115485,"gen_conf":{"lang":"Ohua","#graphs":1,"#levels":17,"%slow":0.0125,"level_width":4,"%ifs":0.8,"seed":111111,"inline_if":true}},{"fetches":25,"rounds":11,"levels":17,"read_requests":25,"write_requests":0,"time":9619.777001,"gen_conf":{"lang":"Ohua","#graphs":1,"#levels":17,"%slow":0.025,"level_width":4,"%ifs":0.8,"seed":111111,"inline_if":true}},{"fetches":25,"rounds":11,"levels":17,"read_requests":25,"write_requests":0,"time":9189.891852,"gen_conf":{"lang":"Ohua","#graphs":1,"#levels":17,"%slow":0.037500000000000006,"level_width":4,"%ifs":0.8,"seed":111111,"inline_if":true}},{"fetches":26,"rounds":11,"levels":17,"read_requests":26,"write_requests":0,"time":9703.151107,"gen_conf":{"lang":"Ohua","#graphs":1,"#levels":17,"%slow":0.05,"level_width":4,"%ifs":0.8,"seed":111111,"inline_if":true}},{"fetches":26,"rounds":11,"levels":17,"read_requests":26,"write_requests":0,"time":9109.863285,"gen_conf":{"lang":"Ohua","#graphs":1,"#levels":17,"%slow":0.0625,"level_width":4,"%ifs":0.8,"seed":111111,"inline_if":true}},{"fetches":27,"rounds":12,"levels":17,"read_requests":27,"write_requests":0,"time":11153.435826,"gen_conf":{"lang":"Ohua","#graphs":1,"#levels":17,"%slow":0.075,"level_width":4,"%ifs":0.8,"seed":111111,"inline_if":true}},{"fetches":27,"rounds":12,"levels":17,"read_requests":27,"write_requests":0,"time":11641.994581,"gen_conf":{"lang":"Ohua","#graphs":1,"#levels":17,"%slow":0.0875,"level_width":4,"%ifs":0.8,"seed":111111,"inline_if":true}},{"fetches":27,"rounds":12,"levels":17,"read_requests":27,"write_requests":0,"time":12185.408143,"gen_conf":{"lang":"Ohua","#graphs":1,"#levels":17,"%slow":0.09999999999999999,"level_width":4,"%ifs":0.8,"seed":111111,"inline_if":true}},{"fetches":28,"rounds":12,"levels":17,"read_requests":28,"write_requests":0,"time":11646.443081,"gen_conf":{"lang":"Ohua","#graphs":1,"#levels":17,"%slow":0.11249999999999999,"level_width":4,"%ifs":0.8,"seed":111111,"inline_if":true}},{"fetches":28,"rounds":13,"levels":17,"read_requests":28,"write_requests":0,"time":11625.757243,"gen_conf":{"lang":"Ohua","#graphs":1,"#levels":17,"%slow":0.12499999999999999,"level_width":4,"%ifs":0.8,"seed":111111,"inline_if":true}},{"fetches":29,"rounds":14,"levels":17,"read_requests":29,"write_requests":0,"time":14258.550278,"gen_conf":{"lang":"Ohua","#graphs":1,"#levels":17,"%slow":0.13749999999999998,"level_width":4,"%ifs":0.8,"seed":111111,"inline_if":true}},{"fetches":32,"rounds":13,"levels":17,"read_requests":32,"write_requests":0,"time":20165.800082,"gen_conf":{"lang":"Ohua","#graphs":1,"#levels":17,"%slow":0.15,"level_width":4,"%ifs":0.8,"seed":111111,"inline_if":true}},{"fetches":33,"rounds":13,"levels":17,"read_requests":33,"write_requests":0,"time":24209.083716,"gen_conf":{"lang":"Ohua","#graphs":1,"#levels":17,"%slow":0.1625,"level_width":4,"%ifs":0.8,"seed":111111,"inline_if":true}},{"fetches":33,"rounds":13,"levels":17,"read_requests":33,"write_requests":0,"time":24222.049476,"gen_conf":{"lang":"Ohua","#graphs":1,"#levels":17,"%slow":0.17500000000000002,"level_width":4,"%ifs":0.8,"seed":111111,"inline_if":true}},{"fetches":34,"rounds":13,"levels":17,"read_requests":34,"write_requests":0,"time":21169.848657,"gen_conf":{"lang":"Ohua","#graphs":1,"#levels":17,"%slow":0.18750000000000003,"level_width":4,"%ifs":0.8,"seed":111111,"inline_if":true}},{"fetches":35,"rounds":13,"levels":17,"read_requests":35,"write_requests":0,"time":21703.401848,"gen_conf":{"lang":"Ohua","#graphs":1,"#levels":17,"%slow":0.20000000000000004,"level_width":4,"%ifs":0.8,"seed":111111,"inline_if":true}},{"fetches":36,"rounds":14,"levels":17,"read_requests":36,"write_requests":0,"time":24274.219087,"gen_conf":{"lang":"Ohua","#graphs":1,"#levels":17,"%slow":0.21250000000000005,"level_width":4,"%ifs":0.8,"seed":111111,"inline_if":true}},{"fetches":37,"rounds":16,"levels":17,"read_requests":37,"write_requests":0,"time":26668.177772,"gen_conf":{"lang":"Ohua","#graphs":1,"#levels":17,"%slow":0.22500000000000006,"level_width":4,"%ifs":0.8,"seed":111111,"inline_if":true}},{"fetches":38,"rounds":16,"levels":17,"read_requests":38,"write_requests":0,"time":26324.550965,"gen_conf":{"lang":"Ohua","#graphs":1,"#levels":17,"%slow":0.23750000000000007,"level_width":4,"%ifs":0.8,"seed":111111,"inline_if":true}},{"fetches":38,"rounds":16,"levels":17,"read_requests":38,"write_requests":0,"time":26852.592665,"gen_conf":{"lang":"Ohua","#graphs":1,"#levels":17,"%slow":0.25000000000000006,"level_width":4,"%ifs":0.8,"seed":111111,"inline_if":true}},{"fetches":38,"rounds":17,"levels":17,"read_requests":38,"write_requests":0,"time":28674.919664,"gen_conf":{"lang":"Ohua","#graphs":1,"#levels":17,"%slow":0.26250000000000007,"level_width":4,"%ifs":0.8,"seed":111111,"inline_if":true}},{"fetches":39,"rounds":14,"levels":17,"read_requests":39,"write_requests":0,"time":26274.571694,"gen_conf":{"lang":"Ohua","#graphs":1,"#levels":17,"%slow":0.2750000000000001,"level_width":4,"%ifs":0.8,"seed":111111,"inline_if":true}},{"fetches":39,"rounds":16,"levels":17,"read_requests":39,"write_requests":0,"time":25721.917076,"gen_conf":{"lang":"Ohua","#graphs":1,"#levels":17,"%slow":0.2875000000000001,"level_width":4,"%ifs":0.8,"seed":111111,"inline_if":true}},{"fetches":52,"rounds":13,"levels":17,"read_requests":52,"write_requests":0,"time":6857.140551,"gen_conf":{"lang":"Ohua","#graphs":1,"#levels":17,"%slow":0,"level_width":4,"%ifs":0.8,"seed":67890,"inline_if":false}},{"fetches":54,"rounds":14,"levels":17,"read_requests":54,"write_requests":0,"time":10778.958603,"gen_conf":{"lang":"Ohua","#graphs":1,"#levels":17,"%slow":0.0125,"level_width":4,"%ifs":0.8,"seed":67890,"inline_if":false}},{"fetches":56,"rounds":14,"levels":17,"read_requests":56,"write_requests":0,"time":15056.605187,"gen_conf":{"lang":"Ohua","#graphs":1,"#levels":17,"%slow":0.025,"level_width":4,"%ifs":0.8,"seed":67890,"inline_if":false}},{"fetches":58,"rounds":15,"levels":17,"read_requests":58,"write_requests":0,"time":19645.627501,"gen_conf":{"lang":"Ohua","#graphs":1,"#levels":17,"%slow":0.037500000000000006,"level_width":4,"%ifs":0.8,"seed":67890,"inline_if":false}},{"fetches":59,"rounds":15,"levels":17,"read_requests":59,"write_requests":0,"time":21646.993133,"gen_conf":{"lang":"Ohua","#graphs":1,"#levels":17,"%slow":0.05,"level_width":4,"%ifs":0.8,"seed":67890,"inline_if":false}},{"fetches":60,"rounds":16,"levels":17,"read_requests":60,"write_requests":0,"time":23346.092959,"gen_conf":{"lang":"Ohua","#graphs":1,"#levels":17,"%slow":0.0625,"level_width":4,"%ifs":0.8,"seed":67890,"inline_if":false}},{"fetches":61,"rounds":16,"levels":17,"read_requests":61,"write_requests":0,"time":23455.393025,"gen_conf":{"lang":"Ohua","#graphs":1,"#levels":17,"%slow":0.075,"level_width":4,"%ifs":0.8,"seed":67890,"inline_if":false}},{"fetches":63,"rounds":17,"levels":17,"read_requests":63,"write_requests":0,"time":26073.959625,"gen_conf":{"lang":"Ohua","#graphs":1,"#levels":17,"%slow":0.0875,"level_width":4,"%ifs":0.8,"seed":67890,"inline_if":false}},{"fetches":63,"rounds":17,"levels":17,"read_requests":63,"write_requests":0,"time":25954.033117,"gen_conf":{"lang":"Ohua","#graphs":1,"#levels":17,"%slow":0.09999999999999999,"level_width":4,"%ifs":0.8,"seed":67890,"inline_if":false}},{"fetches":65,"rounds":17,"levels":17,"read_requests":65,"write_requests":0,"time":27746.866181,"gen_conf":{"lang":"Ohua","#graphs":1,"#levels":17,"%slow":0.11249999999999999,"level_width":4,"%ifs":0.8,"seed":67890,"inline_if":false}},{"fetches":65,"rounds":17,"levels":17,"read_requests":65,"write_requests":0,"time":27700.776985,"gen_conf":{"lang":"Ohua","#graphs":1,"#levels":17,"%slow":0.12499999999999999,"level_width":4,"%ifs":0.8,"seed":67890,"inline_if":false}},{"fetches":66,"rounds":18,"levels":17,"read_requests":66,"write_requests":0,"time":29660.895906,"gen_conf":{"lang":"Ohua","#graphs":1,"#levels":17,"%slow":0.13749999999999998,"level_width":4,"%ifs":0.8,"seed":67890,"inline_if":false}},{"fetches":66,"rounds":18,"levels":17,"read_requests":66,"write_requests":0,"time":29669.410388,"gen_conf":{"lang":"Ohua","#graphs":1,"#levels":17,"%slow":0.15,"level_width":4,"%ifs":0.8,"seed":67890,"inline_if":false}},{"fetches":67,"rounds":19,"levels":17,"read_requests":67,"write_requests":0,"time":31709.914316,"gen_conf":{"lang":"Ohua","#graphs":1,"#levels":17,"%slow":0.1625,"level_width":4,"%ifs":0.8,"seed":67890,"inline_if":false}},{"fetches":68,"rounds":19,"levels":17,"read_requests":68,"write_requests":0,"time":31579.867002,"gen_conf":{"lang":"Ohua","#graphs":1,"#levels":17,"%slow":0.17500000000000002,"level_width":4,"%ifs":0.8,"seed":67890,"inline_if":false}},{"fetches":69,"rounds":20,"levels":17,"read_requests":69,"write_requests":0,"time":33449.74309,"gen_conf":{"lang":"Ohua","#graphs":1,"#levels":17,"%slow":0.18750000000000003,"level_width":4,"%ifs":0.8,"seed":67890,"inline_if":false}},{"fetches":71,"rounds":20,"levels":17,"read_requests":71,"write_requests":0,"time":35965.505128,"gen_conf":{"lang":"Ohua","#graphs":1,"#levels":17,"%slow":0.20000000000000004,"level_width":4,"%ifs":0.8,"seed":67890,"inline_if":false}},{"fetches":72,"rounds":20,"levels":17,"read_requests":72,"write_requests":0,"time":35929.838609,"gen_conf":{"lang":"Ohua","#graphs":1,"#levels":17,"%slow":0.21250000000000005,"level_width":4,"%ifs":0.8,"seed":67890,"inline_if":false}},{"fetches":75,"rounds":20,"levels":17,"read_requests":75,"write_requests":0,"time":35804.521689,"gen_conf":{"lang":"Ohua","#graphs":1,"#levels":17,"%slow":0.22500000000000006,"level_width":4,"%ifs":0.8,"seed":67890,"inline_if":false}},{"fetches":77,"rounds":21,"levels":17,"read_requests":77,"write_requests":0,"time":37734.357931,"gen_conf":{"lang":"Ohua","#graphs":1,"#levels":17,"%slow":0.23750000000000007,"level_width":4,"%ifs":0.8,"seed":67890,"inline_if":false}},{"fetches":78,"rounds":21,"levels":17,"read_requests":78,"write_requests":0,"time":39400.450965,"gen_conf":{"lang":"Ohua","#graphs":1,"#levels":17,"%slow":0.25000000000000006,"level_width":4,"%ifs":0.8,"seed":67890,"inline_if":false}},{"fetches":78,"rounds":21,"levels":17,"read_requests":78,"write_requests":0,"time":39462.604333,"gen_conf":{"lang":"Ohua","#graphs":1,"#levels":17,"%slow":0.26250000000000007,"level_width":4,"%ifs":0.8,"seed":67890,"inline_if":false}},{"fetches":82,"rounds":21,"levels":17,"read_requests":82,"write_requests":0,"time":39725.48972,"gen_conf":{"lang":"Ohua","#graphs":1,"#levels":17,"%slow":0.2750000000000001,"level_width":4,"%ifs":0.8,"seed":67890,"inline_if":false}},{"fetches":83,"rounds":22,"levels":17,"read_requests":83,"write_requests":0,"time":42232.012108,"gen_conf":{"lang":"Ohua","#graphs":1,"#levels":17,"%slow":0.2875000000000001,"level_width":4,"%ifs":0.8,"seed":67890,"inline_if":false}},{"fetches":29,"rounds":13,"levels":17,"read_requests":29,"write_requests":0,"time":14572.836941,"gen_conf":{"lang":"Ohua","#graphs":1,"#levels":17,"%slow":0,"level_width":4,"%ifs":0.8,"seed":67890,"inline_if":true}},{"fetches":29,"rounds":16,"levels":17,"read_requests":29,"write_requests":0,"time":10009.523442,"gen_conf":{"lang":"Ohua","#graphs":1,"#levels":17,"%slow":0.0125,"level_width":4,"%ifs":0.8,"seed":67890,"inline_if":true}},{"fetches":30,"rounds":16,"levels":17,"read_requests":30,"write_requests":0,"time":21495.781465,"gen_conf":{"lang":"Ohua","#graphs":1,"#levels":17,"%slow":0.025,"level_width":4,"%ifs":0.8,"seed":67890,"inline_if":true}},{"fetches":31,"rounds":17,"levels":17,"read_requests":31,"write_requests":0,"time":23963.096734,"gen_conf":{"lang":"Ohua","#graphs":1,"#levels":17,"%slow":0.037500000000000006,"level_width":4,"%ifs":0.8,"seed":67890,"inline_if":true}},{"fetches":31,"rounds":16,"levels":17,"read_requests":31,"write_requests":0,"time":15215.89159,"gen_conf":{"lang":"Ohua","#graphs":1,"#levels":17,"%slow":0.05,"level_width":4,"%ifs":0.8,"seed":67890,"inline_if":true}},{"fetches":32,"rounds":17,"levels":17,"read_requests":32,"write_requests":0,"time":21227.209413,"gen_conf":{"lang":"Ohua","#graphs":1,"#levels":17,"%slow":0.0625,"level_width":4,"%ifs":0.8,"seed":67890,"inline_if":true}},{"fetches":33,"rounds":20,"levels":17,"read_requests":33,"write_requests":0,"time":18728.074885,"gen_conf":{"lang":"Ohua","#graphs":1,"#levels":17,"%slow":0.075,"level_width":4,"%ifs":0.8,"seed":67890,"inline_if":true}},{"fetches":35,"rounds":18,"levels":17,"read_requests":35,"write_requests":0,"time":24857.418191,"gen_conf":{"lang":"Ohua","#graphs":1,"#levels":17,"%slow":0.0875,"level_width":4,"%ifs":0.8,"seed":67890,"inline_if":true}},{"fetches":35,"rounds":18,"levels":17,"read_requests":35,"write_requests":0,"time":37712.367548,"gen_conf":{"lang":"Ohua","#graphs":1,"#levels":17,"%slow":0.09999999999999999,"level_width":4,"%ifs":0.8,"seed":67890,"inline_if":true}},{"fetches":37,"rounds":18,"levels":17,"read_requests":37,"write_requests":0,"time":43371.111067,"gen_conf":{"lang":"Ohua","#graphs":1,"#levels":17,"%slow":0.11249999999999999,"level_width":4,"%ifs":0.8,"seed":67890,"inline_if":true}},{"fetches":37,"rounds":18,"levels":17,"read_requests":37,"write_requests":0,"time":40017.780417,"gen_conf":{"lang":"Ohua","#graphs":1,"#levels":17,"%slow":0.12499999999999999,"level_width":4,"%ifs":0.8,"seed":67890,"inline_if":true}},{"fetches":38,"rounds":20,"levels":17,"read_requests":38,"write_requests":0,"time":25109.620003,"gen_conf":{"lang":"Ohua","#graphs":1,"#levels":17,"%slow":0.13749999999999998,"level_width":4,"%ifs":0.8,"seed":67890,"inline_if":true}},{"fetches":38,"rounds":20,"levels":17,"read_requests":38,"write_requests":0,"time":30611.692661,"gen_conf":{"lang":"Ohua","#graphs":1,"#levels":17,"%slow":0.15,"level_width":4,"%ifs":0.8,"seed":67890,"inline_if":true}},{"fetches":38,"rounds":20,"levels":17,"read_requests":38,"write_requests":0,"time":58611.737533,"gen_conf":{"lang":"Ohua","#graphs":1,"#levels":17,"%slow":0.1625,"level_width":4,"%ifs":0.8,"seed":67890,"inline_if":true}},{"fetches":39,"rounds":20,"levels":17,"read_requests":39,"write_requests":0,"time":35621.535316,"gen_conf":{"lang":"Ohua","#graphs":1,"#levels":17,"%slow":0.17500000000000002,"level_width":4,"%ifs":0.8,"seed":67890,"inline_if":true}},{"fetches":40,"rounds":21,"levels":17,"read_requests":40,"write_requests":0,"time":41274.258996,"gen_conf":{"lang":"Ohua","#graphs":1,"#levels":17,"%slow":0.18750000000000003,"level_width":4,"%ifs":0.8,"seed":67890,"inline_if":true}},{"fetches":42,"rounds":22,"levels":17,"read_requests":42,"write_requests":0,"time":59544.36131,"gen_conf":{"lang":"Ohua","#graphs":1,"#levels":17,"%slow":0.20000000000000004,"level_width":4,"%ifs":0.8,"seed":67890,"inline_if":true}},{"fetches":43,"rounds":22,"levels":17,"read_requests":43,"write_requests":0,"time":63880.675477,"gen_conf":{"lang":"Ohua","#graphs":1,"#levels":17,"%slow":0.21250000000000005,"level_width":4,"%ifs":0.8,"seed":67890,"inline_if":true}},{"fetches":46,"rounds":23,"levels":17,"read_requests":46,"write_requests":0,"time":180914.921443,"gen_conf":{"lang":"Ohua","#graphs":1,"#levels":17,"%slow":0.22500000000000006,"level_width":4,"%ifs":0.8,"seed":67890,"inline_if":true}},{"fetches":46,"rounds":23,"levels":17,"read_requests":46,"write_requests":0,"time":142722.801684,"gen_conf":{"lang":"Ohua","#graphs":1,"#levels":17,"%slow":0.23750000000000007,"level_width":4,"%ifs":0.8,"seed":67890,"inline_if":true}},{"fetches":47,"rounds":24,"levels":17,"read_requests":47,"write_requests":0,"time":199500.926735,"gen_conf":{"lang":"Ohua","#graphs":1,"#levels":17,"%slow":0.25000000000000006,"level_width":4,"%ifs":0.8,"seed":67890,"inline_if":true}},{"fetches":47,"rounds":24,"levels":17,"read_requests":47,"write_requests":0,"time":182424.435493,"gen_conf":{"lang":"Ohua","#graphs":1,"#levels":17,"%slow":0.26250000000000007,"level_width":4,"%ifs":0.8,"seed":67890,"inline_if":true}},{"fetches":50,"rounds":23,"levels":17,"read_requests":50,"write_requests":0,"time":36650.265287,"gen_conf":{"lang":"Ohua","#graphs":1,"#levels":17,"%slow":0.2750000000000001,"level_width":4,"%ifs":0.8,"seed":67890,"inline_if":true}},{"fetches":50,"rounds":24,"levels":17,"read_requests":50,"write_requests":0,"time":38237.530156,"gen_conf":{"lang":"Ohua","#graphs":1,"#levels":17,"%slow":0.2875000000000001,"level_width":4,"%ifs":0.8,"seed":67890,"inline_if":true}}]