[{"fetches":36,"rounds":15,"levels":20,"read_requests":36,"write_requests":0,"time":7935.093744,"gen_conf":{"lang":"Ohua","#graphs":1,"#levels":20,"level_width":4,"%ifs":0.7,"seed":123456,"inline_if":false}},{"fetches":27,"rounds":17,"levels":20,"read_requests":27,"write_requests":0,"time":8741.710235,"gen_conf":{"lang":"Ohua","#graphs":1,"#levels":20,"level_width":4,"%ifs":0.7,"seed":123456,"inline_if":true}},{"fetches":37,"rounds":14,"levels":20,"read_requests":37,"write_requests":0,"time":7220.509566,"gen_conf":{"lang":"Ohua","#graphs":1,"#levels":20,"level_width":4,"%ifs":0.725,"seed":123456,"inline_if":false}},{"fetches":26,"rounds":18,"levels":20,"read_requests":26,"write_requests":0,"time":9195.617763,"gen_conf":{"lang":"Ohua","#graphs":1,"#levels":20,"level_width":4,"%ifs":0.725,"seed":123456,"inline_if":true}},{"fetches":37,"rounds":14,"levels":20,"read_requests":37,"write_requests":0,"time":7158.907108,"gen_conf":{"lang":"Ohua","#graphs":1,"#levels":20,"level_width":4,"%ifs":0.75,"seed":123456,"inline_if":false}},{"fetches":26,"rounds":17,"levels":20,"read_requests":26,"write_requests":0,"time":8709.66381,"gen_conf":{"lang":"Ohua","#graphs":1,"#levels":20,"level_width":4,"%ifs":0.75,"seed":123456,"inline_if":true}},{"fetches":37,"rounds":14,"levels":20,"read_requests":37,"write_requests":0,"time":7153.953863,"gen_conf":{"lang":"Ohua","#graphs":1,"#levels":20,"level_width":4,"%ifs":0.775,"seed":123456,"inline_if":false}},{"fetches":26,"rounds":17,"levels":20,"read_requests":26,"write_requests":0,"time":8678.387232,"gen_conf":{"lang":"Ohua","#graphs":1,"#levels":20,"level_width":4,"%ifs":0.775,"seed":123456,"inline_if":true}},{"fetches":37,"rounds":14,"levels":20,"read_requests":37,"write_requests":0,"time":7195.818827,"gen_conf":{"lang":"Ohua","#graphs":1,"#levels":20,"level_width":4,"%ifs":0.8,"seed":123456,"inline_if":false}},{"fetches":26,"rounds":17,"levels":20,"read_requests":26,"write_requests":0,"time":8682.374697,"gen_conf":{"lang":"Ohua","#graphs":1,"#levels":20,"level_width":4,"%ifs":0.8,"seed":123456,"inline_if":true}},{"fetches":37,"rounds":14,"levels":20,"read_requests":37,"write_requests":0,"time":7165.214793,"gen_conf":{"lang":"Ohua","#graphs":1,"#levels":20,"level_width":4,"%ifs":0.8250000000000001,"seed":123456,"inline_if":false}},{"fetches":26,"rounds":17,"levels":20,"read_requests":26,"write_requests":0,"time":8663.713596,"gen_conf":{"lang":"Ohua","#graphs":1,"#levels":20,"level_width":4,"%ifs":0.8250000000000001,"seed":123456,"inline_if":true}},{"fetches":44,"rounds":18,"levels":20,"read_requests":44,"write_requests":0,"time":9267.039748,"gen_conf":{"lang":"Ohua","#graphs":1,"#levels":20,"level_width":4,"%ifs":0.8500000000000001,"seed":123456,"inline_if":false}},{"fetches":29,"rounds":18,"levels":20,"read_requests":29,"write_requests":0,"time":9243.328816,"gen_conf":{"lang":"Ohua","#graphs":1,"#levels":20,"level_width":4,"%ifs":0.8500000000000001,"seed":123456,"inline_if":true}},{"fetches":44,"rounds":18,"levels":20,"read_requests":44,"write_requests":0,"time":9220.922553,"gen_conf":{"lang":"Ohua","#graphs":1,"#levels":20,"level_width":4,"%ifs":0.8750000000000001,"seed":123456,"inline_if":false}},{"fetches":29,"rounds":19,"levels":20,"read_requests":29,"write_requests":0,"time":9228.386268,"gen_conf":{"lang":"Ohua","#graphs":1,"#levels":20,"level_width":4,"%ifs":0.8750000000000001,"seed":123456,"inline_if":true}},{"fetches":44,"rounds":18,"levels":20,"read_requests":44,"write_requests":0,"time":9217.967109,"gen_conf":{"lang":"Ohua","#graphs":1,"#levels":20,"level_width":4,"%ifs":0.9000000000000001,"seed":123456,"inline_if":false}},{"fetches":29,"rounds":19,"levels":20,"read_requests":29,"write_requests":0,"time":9222.747412,"gen_conf":{"lang":"Ohua","#graphs":1,"#levels":20,"level_width":4,"%ifs":0.9000000000000001,"seed":123456,"inline_if":true}},{"fetches":41,"rounds":17,"levels":20,"read_requests":41,"write_requests":0,"time":9005.878402,"gen_conf":{"lang":"Ohua","#graphs":1,"#levels":20,"level_width":4,"%ifs":0.9250000000000002,"seed":123456,"inline_if":false}},{"fetches":31,"rounds":17,"levels":20,"read_requests":31,"write_requests":0,"time":8801.031945,"gen_conf":{"lang":"Ohua","#graphs":1,"#levels":20,"level_width":4,"%ifs":0.9250000000000002,"seed":123456,"inline_if":true}},{"fetches":41,"rounds":17,"levels":20,"read_requests":41,"write_requests":0,"time":8994.820018,"gen_conf":{"lang":"Ohua","#graphs":1,"#levels":20,"level_width":4,"%ifs":0.9500000000000002,"seed":123456,"inline_if":false}},{"fetches":31,"rounds":17,"levels":20,"read_requests":31,"write_requests":0,"time":8800.115983,"gen_conf":{"lang":"Ohua","#graphs":1,"#levels":20,"level_width":4,"%ifs":0.9500000000000002,"seed":123456,"inline_if":true}},{"fetches":41,"rounds":17,"levels":20,"read_requests":41,"write_requests":0,"time":9046.421169,"gen_conf":{"lang":"Ohua","#graphs":1,"#levels":20,"level_width":4,"%ifs":0.9750000000000002,"seed":123456,"inline_if":false}},{"fetches":31,"rounds":17,"levels":20,"read_requests":31,"write_requests":0,"time":8791.622814,"gen_conf":{"lang":"Ohua","#graphs":1,"#levels":20,"level_width":4,"%ifs":0.9750000000000002,"seed":123456,"inline_if":true}},{"fetches":68,"rounds":20,"levels":20,"read_requests":68,"write_requests":0,"time":10684.862187,"gen_conf":{"lang":"Ohua","#graphs":1,"#levels":20,"level_width":4,"%ifs":0.7,"seed":234567,"inline_if":false}},{"fetches":43,"rounds":24,"levels":20,"read_requests":43,"write_requests":0,"time":74048.369902,"gen_conf":{"lang":"Ohua","#graphs":1,"#levels":20,"level_width":4,"%ifs":0.7,"seed":234567,"inline_if":true}},{"fetches":68,"rounds":20,"levels":20,"read_requests":68,"write_requests":0,"time":10702.847934,"gen_conf":{"lang":"Ohua","#graphs":1,"#levels":20,"level_width":4,"%ifs":0.725,"seed":234567,"inline_if":false}},{"fetches":43,"rounds":23,"levels":20,"read_requests":43,"write_requests":0,"time":106966.167653,"gen_conf":{"lang":"Ohua","#graphs":1,"#levels":20,"level_width":4,"%ifs":0.725,"seed":234567,"inline_if":true}},{"fetches":68,"rounds":20,"levels":20,"read_requests":68,"write_requests":0,"time":10679.562604,"gen_conf":{"lang":"Ohua","#graphs":1,"#levels":20,"level_width":4,"%ifs":0.75,"seed":234567,"inline_if":false}},{"fetches":43,"rounds":24,"levels":20,"read_requests":43,"write_requests":0,"time":83614.468813,"gen_conf":{"lang":"Ohua","#graphs":1,"#levels":20,"level_width":4,"%ifs":0.75,"seed":234567,"inline_if":true}},{"fetches":75,"rounds":22,"levels":20,"read_requests":75,"write_requests":0,"time":15127.561344,"gen_conf":{"lang":"Ohua","#graphs":1,"#levels":20,"level_width":4,"%ifs":0.775,"seed":234567,"inline_if":false}},{"fetches":47,"rounds":24,"levels":20,"read_requests":47,"write_requests":0,"time":709223.664718,"gen_conf":{"lang":"Ohua","#graphs":1,"#levels":20,"level_width":4,"%ifs":0.775,"seed":234567,"inline_if":true}},{"fetches":75,"rounds":22,"levels":20,"read_requests":75,"write_requests":0,"time":15075.638814,"gen_conf":{"lang":"Ohua","#graphs":1,"#levels":20,"level_width":4,"%ifs":0.8,"seed":234567,"inline_if":false}},{"fetches":47,"rounds":24,"levels":20,"read_requests":47,"write_requests":0,"time":805777.686271,"gen_conf":{"lang":"Ohua","#graphs":1,"#levels":20,"level_width":4,"%ifs":0.8,"seed":234567,"inline_if":true}},{"fetches":75,"rounds":22,"levels":20,"read_requests":75,"write_requests":0,"time":15176.958783,"gen_conf":{"lang":"Ohua","#graphs":1,"#levels":20,"level_width":4,"%ifs":0.8250000000000001,"seed":234567,"inline_if":false}},{"fetches":47,"rounds":24,"levels":20,"read_requests":47,"write_requests":0,"time":801856.371978,"gen_conf":{"lang":"Ohua","#graphs":1,"#levels":20,"level_width":4,"%ifs":0.8250000000000001,"seed":234567,"inline_if":true}},{"fetches":75,"rounds":22,"levels":20,"read_requests":75,"write_requests":0,"time":15163.635292,"gen_conf":{"lang":"Ohua","#graphs":1,"#levels":20,"level_width":4,"%ifs":0.8500000000000001,"seed":234567,"inline_if":false}},{"fetches":47,"rounds":24,"levels":20,"read_requests":47,"write_requests":0,"time":495155.984734,"gen_conf":{"lang":"Ohua","#graphs":1,"#levels":20,"level_width":4,"%ifs":0.8500000000000001,"seed":234567,"inline_if":true}},{"fetches":81,"rounds":22,"levels":20,"read_requests":81,"write_requests":0,"time":16131.413403,"gen_conf":{"lang":"Ohua","#graphs":1,"#levels":20,"level_width":4,"%ifs":0.8750000000000001,"seed":234567,"inline_if":false}},{"fetches":51,"rounds":26,"levels":20,"read_requests":51,"write_requests":0,"time":2269379.587064,"gen_conf":{"lang":"Ohua","#graphs":1,"#levels":20,"level_width":4,"%ifs":0.8750000000000001,"seed":234567,"inline_if":true}},{"fetches":81,"rounds":22,"levels":20,"read_requests":81,"write_requests":0,"time":16255.49373,"gen_conf":{"lang":"Ohua","#graphs":1,"#levels":20,"level_width":4,"%ifs":0.9000000000000001,"seed":234567,"inline_if":false}},{"fetches":51,"rounds":25,"levels":20,"read_requests":51,"write_requests":0,"time":3352962.533452,"gen_conf":{"lang":"Ohua","#graphs":1,"#levels":20,"level_width":4,"%ifs":0.9000000000000001,"seed":234567,"inline_if":true}},{"fetches":81,"rounds":22,"levels":20,"read_requests":81,"write_requests":0,"time":16171.325005,"gen_conf":{"lang":"Ohua","#graphs":1,"#levels":20,"level_width":4,"%ifs":0.9250000000000002,"seed":234567,"inline_if":false}},{"fetches":51,"rounds":27,"levels":20,"read_requests":51,"write_requests":0,"time":411860.529235,"gen_conf":{"lang":"Ohua","#graphs":1,"#levels":20,"level_width":4,"%ifs":0.9250000000000002,"seed":234567,"inline_if":true}},{"fetches":81,"rounds":22,"levels":20,"read_requests":81,"write_requests":0,"time":16157.958786,"gen_conf":{"lang":"Ohua","#graphs":1,"#levels":20,"level_width":4,"%ifs":0.9500000000000002,"seed":234567,"inline_if":false}},{"fetches":51,"rounds":25,"levels":20,"read_requests":51,"write_requests":0,"time":1833136.721182,"gen_conf":{"lang":"Ohua","#graphs":1,"#levels":20,"level_width":4,"%ifs":0.9500000000000002,"seed":234567,"inline_if":true}},{"fetches":81,"rounds":22,"levels":20,"read_requests":81,"write_requests":0,"time":16108.708307,"gen_conf":{"lang":"Ohua","#graphs":1,"#levels":20,"level_width":4,"%ifs":0.9750000000000002,"seed":234567,"inline_if":false}},{"fetches":51,"rounds":25,"levels":20,"read_requests":51,"write_requests":0,"time":2270516.780221,"gen_conf":{"lang":"Ohua","#graphs":1,"#levels":20,"level_width":4,"%ifs":0.9750000000000002,"seed":234567,"inline_if":true}},{"fetches":47,"rounds":16,"levels":20,"read_requests":47,"write_requests":0,"time":8366.387549,"gen_conf":{"lang":"Ohua","#graphs":1,"#levels":20,"level_width":4,"%ifs":0.7,"seed":111111,"inline_if":false}},{"fetches":34,"rounds":18,"levels":20,"read_requests":34,"write_requests":0,"time":9244.764572,"gen_conf":{"lang":"Ohua","#graphs":1,"#levels":20,"level_width":4,"%ifs":0.7,"seed":111111,"inline_if":true}},{"fetches":56,"rounds":17,"levels":20,"read_requests":56,"write_requests":0,"time":8845.500082,"gen_conf":{"lang":"Ohua","#graphs":1,"#levels":20,"level_width":4,"%ifs":0.725,"seed":111111,"inline_if":false}},{"fetches":37,"rounds":19,"levels":20,"read_requests":37,"write_requests":0,"time":10417.091182,"gen_conf":{"lang":"Ohua","#graphs":1,"#levels":20,"level_width":4,"%ifs":0.725,"seed":111111,"inline_if":true}},{"fetches":56,"rounds":17,"levels":20,"read_requests":56,"write_requests":0,"time":8992.061928,"gen_conf":{"lang":"Ohua","#graphs":1,"#levels":20,"level_width":4,"%ifs":0.75,"seed":111111,"inline_if":false}},{"fetches":37,"rounds":19,"levels":20,"read_requests":37,"write_requests":0,"time":9857.083872,"gen_conf":{"lang":"Ohua","#graphs":1,"#levels":20,"level_width":4,"%ifs":0.75,"seed":111111,"inline_if":true}},{"fetches":56,"rounds":17,"levels":20,"read_requests":56,"write_requests":0,"time":8872.588291,"gen_conf":{"lang":"Ohua","#graphs":1,"#levels":20,"level_width":4,"%ifs":0.775,"seed":111111,"inline_if":false}},{"fetches":37,"rounds":19,"levels":20,"read_requests":37,"write_requests":0,"time":9442.029972,"gen_conf":{"lang":"Ohua","#graphs":1,"#levels":20,"level_width":4,"%ifs":0.775,"seed":111111,"inline_if":true}},{"fetches":56,"rounds":17,"levels":20,"read_requests":56,"write_requests":0,"time":8845.167516,"gen_conf":{"lang":"Ohua","#graphs":1,"#levels":20,"level_width":4,"%ifs":0.8,"seed":111111,"inline_if":false}},{"fetches":37,"rounds":19,"levels":20,"read_requests":37,"write_requests":0,"time":9635.562677,"gen_conf":{"lang":"Ohua","#graphs":1,"#levels":20,"level_width":4,"%ifs":0.8,"seed":111111,"inline_if":true}},{"fetches":56,"rounds":17,"levels":20,"read_requests":56,"write_requests":0,"time":8845.114445,"gen_conf":{"lang":"Ohua","#graphs":1,"#levels":20,"level_width":4,"%ifs":0.8250000000000001,"seed":111111,"inline_if":false}},{"fetches":37,"rounds":19,"levels":20,"read_requests":37,"write_requests":0,"time":9795.46782,"gen_conf":{"lang":"Ohua","#graphs":1,"#levels":20,"level_width":4,"%ifs":0.8250000000000001,"seed":111111,"inline_if":true}},{"fetches":56,"rounds":17,"levels":20,"read_requests":56,"write_requests":0,"time":8848.605172,"gen_conf":{"lang":"Ohua","#graphs":1,"#levels":20,"level_width":4,"%ifs":0.8500000000000001,"seed":111111,"inline_if":false}},{"fetches":37,"rounds":19,"levels":20,"read_requests":37,"write_requests":0,"time":9646.139415,"gen_conf":{"lang":"Ohua","#graphs":1,"#levels":20,"level_width":4,"%ifs":0.8500000000000001,"seed":111111,"inline_if":true}},{"fetches":56,"rounds":17,"levels":20,"read_requests":56,"write_requests":0,"time":8852.561779,"gen_conf":{"lang":"Ohua","#graphs":1,"#levels":20,"level_width":4,"%ifs":0.8750000000000001,"seed":111111,"inline_if":false}},{"fetches":37,"rounds":19,"levels":20,"read_requests":37,"write_requests":0,"time":9901.959444,"gen_conf":{"lang":"Ohua","#graphs":1,"#levels":20,"level_width":4,"%ifs":0.8750000000000001,"seed":111111,"inline_if":true}},{"fetches":56,"rounds":17,"levels":20,"read_requests":56,"write_requests":0,"time":8843.442863,"gen_conf":{"lang":"Ohua","#graphs":1,"#levels":20,"level_width":4,"%ifs":0.9000000000000001,"seed":111111,"inline_if":false}},{"fetches":37,"rounds":19,"levels":20,"read_requests":37,"write_requests":0,"time":9771.539303,"gen_conf":{"lang":"Ohua","#graphs":1,"#levels":20,"level_width":4,"%ifs":0.9000000000000001,"seed":111111,"inline_if":true}},{"fetches":56,"rounds":17,"levels":20,"read_requests":56,"write_requests":0,"time":8840.514895,"gen_conf":{"lang":"Ohua","#graphs":1,"#levels":20,"level_width":4,"%ifs":0.9250000000000002,"seed":111111,"inline_if":false}},{"fetches":37,"rounds":19,"levels":20,"read_requests":37,"write_requests":0,"time":9348.763131,"gen_conf":{"lang":"Ohua","#graphs":1,"#levels":20,"level_width":4,"%ifs":0.9250000000000002,"seed":111111,"inline_if":true}},{"fetches":56,"rounds":17,"levels":20,"read_requests":56,"write_requests":0,"time":8846.25131,"gen_conf":{"lang":"Ohua","#graphs":1,"#levels":20,"level_width":4,"%ifs":0.9500000000000002,"seed":111111,"inline_if":false}},{"fetches":37,"rounds":19,"levels":20,"read_requests":37,"write_requests":0,"time":9654.307217,"gen_conf":{"lang":"Ohua","#graphs":1,"#levels":20,"level_width":4,"%ifs":0.9500000000000002,"seed":111111,"inline_if":true}},{"fetches":56,"rounds":17,"levels":20,"read_requests":56,"write_requests":0,"time":8863.18582,"gen_conf":{"lang":"Ohua","#graphs":1,"#levels":20,"level_width":4,"%ifs":0.9750000000000002,"seed":111111,"inline_if":false}},{"fetches":37,"rounds":19,"levels":20,"read_requests":37,"write_requests":0,"time":9647.875218,"gen_conf":{"lang":"Ohua","#graphs":1,"#levels":20,"level_width":4,"%ifs":0.9750000000000002,"seed":111111,"inline_if":true}},{"fetches":80,"rounds":20,"levels":20,"read_requests":80,"write_requests":0,"time":13462.204616,"gen_conf":{"lang":"Ohua","#graphs":1,"#levels":20,"level_width":4,"%ifs":0.7,"seed":67890,"inline_if":false}},{"fetches":49,"rounds":25,"levels":20,"read_requests":49,"write_requests":0,"time":54272.341925,"gen_conf":{"lang":"Ohua","#graphs":1,"#levels":20,"level_width":4,"%ifs":0.7,"seed":67890,"inline_if":true}},{"fetches":80,"rounds":20,"levels":20,"read_requests":80,"write_requests":0,"time":13424.265187,"gen_conf":{"lang":"Ohua","#graphs":1,"#levels":20,"level_width":4,"%ifs":0.725,"seed":67890,"inline_if":false}},{"fetches":49,"rounds":26,"levels":20,"read_requests":49,"write_requests":0,"time":19546.611798,"gen_conf":{"lang":"Ohua","#graphs":1,"#levels":20,"level_width":4,"%ifs":0.725,"seed":67890,"inline_if":true}},{"fetches":80,"rounds":20,"levels":20,"read_requests":80,"write_requests":0,"time":13485.766506,"gen_conf":{"lang":"Ohua","#graphs":1,"#levels":20,"level_width":4,"%ifs":0.75,"seed":67890,"inline_if":false}},{"fetches":49,"rounds":25,"levels":20,"read_requests":49,"write_requests":0,"time":64114.449894,"gen_conf":{"lang":"Ohua","#graphs":1,"#levels":20,"level_width":4,"%ifs":0.75,"seed":67890,"inline_if":true}},{"fetches":80,"rounds":20,"levels":20,"read_requests":80,"write_requests":0,"time":13500.019497,"gen_conf":{"lang":"Ohua","#graphs":1,"#levels":20,"level_width":4,"%ifs":0.775,"seed":67890,"inline_if":false}},{"fetches":49,"rounds":26,"levels":20,"read_requests":49,"write_requests":0,"time":50943.69003,"gen_conf":{"lang":"Ohua","#graphs":1,"#levels":20,"level_width":4,"%ifs":0.775,"seed":67890,"inline_if":true}},{"fetches":80,"rounds":20,"levels":20,"read_requests":80,"write_requests":0,"time":13549.111344,"gen_conf":{"lang":"Ohua","#graphs":1,"#levels":20,"level_width":4,"%ifs":0.8,"seed":67890,"inline_if":false}},{"fetches":49,"rounds":25,"levels":20,"read_requests":49,"write_requests":0,"time":20291.821534,"gen_conf":{"lang":"Ohua","#graphs":1,"#levels":20,"level_width":4,"%ifs":0.8,"seed":67890,"inline_if":true}},{"fetches":86,"rounds":19,"levels":20,"read_requests":86,"write_requests":0,"time":58064.054824,"gen_conf":{"lang":"Ohua","#graphs":1,"#levels":20,"level_width":4,"%ifs":0.8250000000000001,"seed":67890,"inline_if":false}},{"fetches":56,"rounds":21,"levels":20,"read_requests":56,"write_requests":0,"time":140213.629761,"gen_conf":{"lang":"Ohua","#graphs":1,"#levels":20,"level_width":4,"%ifs":0.8250000000000001,"seed":67890,"inline_if":true}},{"fetches":86,"rounds":19,"levels":20,"read_requests":86,"write_requests":0,"time":57944.934553,"gen_conf":{"lang":"Ohua","#graphs":1,"#levels":20,"level_width":4,"%ifs":0.8500000000000001,"seed":67890,"inline_if":false}},{"fetches":56,"rounds":23,"levels":20,"read_requests":56,"write_requests":0,"time":35626.06152,"gen_conf":{"lang":"Ohua","#graphs":1,"#levels":20,"level_width":4,"%ifs":0.8500000000000001,"seed":67890,"inline_if":true}},{"fetches":86,"rounds":19,"levels":20,"read_requests":86,"write_requests":0,"time":57929.906566,"gen_conf":{"lang":"Ohua","#graphs":1,"#levels":20,"level_width":4,"%ifs":0.8750000000000001,"seed":67890,"inline_if":false}},{"fetches":56,"rounds":22,"levels":20,"read_requests":56,"write_requests":0,"time":59588.528565,"gen_conf":{"lang":"Ohua","#graphs":1,"#levels":20,"level_width":4,"%ifs":0.8750000000000001,"seed":67890,"inline_if":true}},{"fetches":96,"rounds":17,"levels":20,"read_requests":96,"write_requests":0,"time":26011.358002,"gen_conf":{"lang":"Ohua","#graphs":1,"#levels":20,"level_width":4,"%ifs":0.9000000000000001,"seed":67890,"inline_if":false}},{"fetches":58,"rounds":21,"levels":20,"read_requests":58,"write_requests":0,"time":659324.937522,"gen_conf":{"lang":"Ohua","#graphs":1,"#levels":20,"level_width":4,"%ifs":0.9000000000000001,"seed":67890,"inline_if":true}},{"fetches":96,"rounds":17,"levels":20,"read_requests":96,"write_requests":0,"time":26112.380388,"gen_conf":{"lang":"Ohua","#graphs":1,"#levels":20,"level_width":4,"%ifs":0.9250000000000002,"seed":67890,"inline_if":false}},{"fetches":58,"rounds":21,"levels":20,"read_requests":58,"write_requests":0,"time":641440.389539,"gen_conf":{"lang":"Ohua","#graphs":1,"#levels":20,"level_width":4,"%ifs":0.9250000000000002,"seed":67890,"inline_if":true}},{"fetches":96,"rounds":17,"levels":20,"read_requests":96,"write_requests":0,"time":26060.603782,"gen_conf":{"lang":"Ohua","#graphs":1,"#levels":20,"level_width":4,"%ifs":0.9500000000000002,"seed":67890,"inline_if":false}},{"fetches":58,"rounds":22,"levels":20,"read_requests":58,"write_requests":0,"time":53785.140915,"gen_conf":{"lang":"Ohua","#graphs":1,"#levels":20,"level_width":4,"%ifs":0.9500000000000002,"seed":67890,"inline_if":true}},{"fetches":96,"rounds":17,"levels":20,"read_requests":96,"write_requests":0,"time":26023.435308,"gen_conf":{"lang":"Ohua","#graphs":1,"#levels":20,"level_width":4,"%ifs":0.9750000000000002,"seed":67890,"inline_if":false}},{"fetches":58,"rounds":22,"levels":20,"read_requests":58,"write_requests":0,"time":1462908.385348,"gen_conf":{"lang":"Ohua","#graphs":1,"#levels":20,"level_width":4,"%ifs":0.9750000000000002,"seed":67890,"inline_if":true}},{"fetches":33,"rounds":12,"levels":20,"read_requests":33,"write_requests":0,"time":6119.532654,"gen_conf":{"lang":"Ohua","#graphs":1,"#levels":20,"level_width":4,"%ifs":0.7,"seed":556554,"inline_if":false}},{"fetches":26,"rounds":14,"levels":20,"read_requests":26,"write_requests":0,"time":7280.771097,"gen_conf":{"lang":"Ohua","#graphs":1,"#levels":20,"level_width":4,"%ifs":0.7,"seed":556554,"inline_if":true}},{"fetches":33,"rounds":12,"levels":20,"read_requests":33,"write_requests":0,"time":6174.909792,"gen_conf":{"lang":"Ohua","#graphs":1,"#levels":20,"level_width":4,"%ifs":0.725,"seed":556554,"inline_if":false}},{"fetches":26,"rounds":14,"levels":20,"read_requests":26,"write_requests":0,"time":7188.187405,"gen_conf":{"lang":"Ohua","#graphs":1,"#levels":20,"level_width":4,"%ifs":0.725,"seed":556554,"inline_if":true}},{"fetches":33,"rounds":12,"levels":20,"read_requests":33,"write_requests":0,"time":6127.31541,"gen_conf":{"lang":"Ohua","#graphs":1,"#levels":20,"level_width":4,"%ifs":0.75,"seed":556554,"inline_if":false}},{"fetches":26,"rounds":14,"levels":20,"read_requests":26,"write_requests":0,"time":7184.102837,"gen_conf":{"lang":"Ohua","#graphs":1,"#levels":20,"level_width":4,"%ifs":0.75,"seed":556554,"inline_if":true}},{"fetches":33,"rounds":12,"levels":20,"read_requests":33,"write_requests":0,"time":6118.220925,"gen_conf":{"lang":"Ohua","#graphs":1,"#levels":20,"level_width":4,"%ifs":0.775,"seed":556554,"inline_if":false}},{"fetches":26,"rounds":14,"levels":20,"read_requests":26,"write_requests":0,"time":7186.05188,"gen_conf":{"lang":"Ohua","#graphs":1,"#levels":20,"level_width":4,"%ifs":0.775,"seed":556554,"inline_if":true}},{"fetches":33,"rounds":12,"levels":20,"read_requests":33,"write_requests":0,"time":6127.817435,"gen_conf":{"lang":"Ohua","#graphs":1,"#levels":20,"level_width":4,"%ifs":0.8,"seed":556554,"inline_if":false}},{"fetches":26,"rounds":13,"levels":20,"read_requests":26,"write_requests":0,"time":6733.208128,"gen_conf":{"lang":"Ohua","#graphs":1,"#levels":20,"level_width":4,"%ifs":0.8,"seed":556554,"inline_if":true}},{"fetches":33,"rounds":12,"levels":20,"read_requests":33,"write_requests":0,"time":6122.29894,"gen_conf":{"lang":"Ohua","#graphs":1,"#levels":20,"level_width":4,"%ifs":0.8250000000000001,"seed":556554,"inline_if":false}},{"fetches":26,"rounds":14,"levels":20,"read_requests":26,"write_requests":0,"time":7201.943927,"gen_conf":{"lang":"Ohua","#graphs":1,"#levels":20,"level_width":4,"%ifs":0.8250000000000001,"seed":556554,"inline_if":true}},{"fetches":33,"rounds":12,"levels":20,"read_requests":33,"write_requests":0,"time":6132.253798,"gen_conf":{"lang":"Ohua","#graphs":1,"#levels":20,"level_width":4,"%ifs":0.8500000000000001,"seed":556554,"inline_if":false}},{"fetches":26,"rounds":15,"levels":20,"read_requests":26,"write_requests":0,"time":7655.755943,"gen_conf":{"lang":"Ohua","#graphs":1,"#levels":20,"level_width":4,"%ifs":0.8500000000000001,"seed":556554,"inline_if":true}},{"fetches":33,"rounds":12,"levels":20,"read_requests":33,"write_requests":0,"time":6118.836408,"gen_conf":{"lang":"Ohua","#graphs":1,"#levels":20,"level_width":4,"%ifs":0.8750000000000001,"seed":556554,"inline_if":false}},{"fetches":26,"rounds":15,"levels":20,"read_requests":26,"write_requests":0,"time":7740.029597,"gen_conf":{"lang":"Ohua","#graphs":1,"#levels":20,"level_width":4,"%ifs":0.8750000000000001,"seed":556554,"inline_if":true}},{"fetches":33,"rounds":12,"levels":20,"read_requests":33,"write_requests":0,"time":6122.074189,"gen_conf":{"lang":"Ohua","#graphs":1,"#levels":20,"level_width":4,"%ifs":0.9000000000000001,"seed":556554,"inline_if":false}},{"fetches":26,"rounds":14,"levels":20,"read_requests":26,"write_requests":0,"time":7255.031755,"gen_conf":{"lang":"Ohua","#graphs":1,"#levels":20,"level_width":4,"%ifs":0.9000000000000001,"seed":556554,"inline_if":true}},{"fetches":33,"rounds":12,"levels":20,"read_requests":33,"write_requests":0,"time":6125.781843,"gen_conf":{"lang":"Ohua","#graphs":1,"#levels":20,"level_width":4,"%ifs":0.9250000000000002,"seed":556554,"inline_if":false}},{"fetches":26,"rounds":14,"levels":20,"read_requests":26,"write_requests":0,"time":7211.039622,"gen_conf":{"lang":"Ohua","#graphs":1,"#levels":20,"level_width":4,"%ifs":0.9250000000000002,"seed":556554,"inline_if":true}},{"fetches":33,"rounds":12,"levels":20,"read_requests":33,"write_requests":0,"time":6119.437199,"gen_conf":{"lang":"Ohua","#graphs":1,"#levels":20,"level_width":4,"%ifs":0.9500000000000002,"seed":556554,"inline_if":false}},{"fetches":26,"rounds":16,"levels":20,"read_requests":26,"write_requests":0,"time":8205.567261,"gen_conf":{"lang":"Ohua","#graphs":1,"#levels":20,"level_width":4,"%ifs":0.9500000000000002,"seed":556554,"inline_if":true}},{"fetches":33,"rounds":12,"levels":20,"read_requests":33,"write_requests":0,"time":6132.035609,"gen_conf":{"lang":"Ohua","#graphs":1,"#levels":20,"level_width":4,"%ifs":0.9750000000000002,"seed":556554,"inline_if":false}},{"fetches":26,"rounds":15,"levels":20,"read_requests":26,"write_requests":0,"time":7655.889547,"gen_conf":{"lang":"Ohua","#graphs":1,"#levels":20,"level_width":4,"%ifs":0.9750000000000002,"seed":556554,"inline_if":true}},{"fetches":38,"rounds":13,"levels":20,"read_requests":38,"write_requests":0,"time":6636.739019,"gen_conf":{"lang":"Ohua","#graphs":1,"#levels":20,"level_width":4,"%ifs":0.7,"seed":300909,"inline_if":false}},{"fetches":29,"rounds":16,"levels":20,"read_requests":29,"write_requests":0,"time":7899.523473,"gen_conf":{"lang":"Ohua","#graphs":1,"#levels":20,"level_width":4,"%ifs":0.7,"seed":300909,"inline_if":true}},{"fetches":38,"rounds":13,"levels":20,"read_requests":38,"write_requests":0,"time":6637.764516,"gen_conf":{"lang":"Ohua","#graphs":1,"#levels":20,"level_width":4,"%ifs":0.725,"seed":300909,"inline_if":false}},{"fetches":29,"rounds":16,"levels":20,"read_requests":29,"write_requests":0,"time":7743.046011,"gen_conf":{"lang":"Ohua","#graphs":1,"#levels":20,"level_width":4,"%ifs":0.725,"seed":300909,"inline_if":true}},{"fetches":36,"rounds":12,"levels":20,"read_requests":36,"write_requests":0,"time":6143.717643,"gen_conf":{"lang":"Ohua","#graphs":1,"#levels":20,"level_width":4,"%ifs":0.75,"seed":300909,"inline_if":false}},{"fetches":26,"rounds":14,"levels":20,"read_requests":26,"write_requests":0,"time":7574.804644,"gen_conf":{"lang":"Ohua","#graphs":1,"#levels":20,"level_width":4,"%ifs":0.75,"seed":300909,"inline_if":true}},{"fetches":36,"rounds":12,"levels":20,"read_requests":36,"write_requests":0,"time":6147.366582,"gen_conf":{"lang":"Ohua","#graphs":1,"#levels":20,"level_width":4,"%ifs":0.775,"seed":300909,"inline_if":false}},{"fetches":26,"rounds":14,"levels":20,"read_requests":26,"write_requests":0,"time":7373.969343,"gen_conf":{"lang":"Ohua","#graphs":1,"#levels":20,"level_width":4,"%ifs":0.775,"seed":300909,"inline_if":true}},{"fetches":39,"rounds":12,"levels":20,"read_requests":39,"write_requests":0,"time":6413.398636,"gen_conf":{"lang":"Ohua","#graphs":1,"#levels":20,"level_width":4,"%ifs":0.8,"seed":300909,"inline_if":false}},{"fetches":31,"rounds":15,"levels":20,"read_requests":31,"write_requests":0,"time":8185.206648,"gen_conf":{"lang":"Ohua","#graphs":1,"#levels":20,"level_width":4,"%ifs":0.8,"seed":300909,"inline_if":true}},{"fetches":39,"rounds":12,"levels":20,"read_requests":39,"write_requests":0,"time":6310.006705,"gen_conf":{"lang":"Ohua","#graphs":1,"#levels":20,"level_width":4,"%ifs":0.8250000000000001,"seed":300909,"inline_if":false}},{"fetches":31,"rounds":15,"levels":20,"read_requests":31,"write_requests":0,"time":8085.494222,"gen_conf":{"lang":"Ohua","#graphs":1,"#levels":20,"level_width":4,"%ifs":0.8250000000000001,"seed":300909,"inline_if":true}},{"fetches":39,"rounds":12,"levels":20,"read_requests":39,"write_requests":0,"time":6299.923045,"gen_conf":{"lang":"Ohua","#graphs":1,"#levels":20,"level_width":4,"%ifs":0.8500000000000001,"seed":300909,"inline_if":false}},{"fetches":31,"rounds":15,"levels":20,"read_requests":31,"write_requests":0,"time":7985.271906,"gen_conf":{"lang":"Ohua","#graphs":1,"#levels":20,"level_width":4,"%ifs":0.8500000000000001,"seed":300909,"inline_if":true}},{"fetches":39,"rounds":12,"levels":20,"read_requests":39,"write_requests":0,"time":6300.433423,"gen_conf":{"lang":"Ohua","#graphs":1,"#levels":20,"level_width":4,"%ifs":0.8750000000000001,"seed":300909,"inline_if":false}},{"fetches":31,"rounds":15,"levels":20,"read_requests":31,"write_requests":0,"time":8156.691231,"gen_conf":{"lang":"Ohua","#graphs":1,"#levels":20,"level_width":4,"%ifs":0.8750000000000001,"seed":300909,"inline_if":true}},{"fetches":39,"rounds":12,"levels":20,"read_requests":39,"write_requests":0,"time":6354.80999,"gen_conf":{"lang":"Ohua","#graphs":1,"#levels":20,"level_width":4,"%ifs":0.9000000000000001,"seed":300909,"inline_if":false}},{"fetches":31,"rounds":15,"levels":20,"read_requests":31,"write_requests":0,"time":8040.248616,"gen_conf":{"lang":"Ohua","#graphs":1,"#levels":20,"level_width":4,"%ifs":0.9000000000000001,"seed":300909,"inline_if":true}},{"fetches":39,"rounds":12,"levels":20,"read_requests":39,"write_requests":0,"time":6302.571054,"gen_conf":{"lang":"Ohua","#graphs":1,"#levels":20,"level_width":4,"%ifs":0.9250000000000002,"seed":300909,"inline_if":false}},{"fetches":31,"rounds":15,"levels":20,"read_requests":31,"write_requests":0,"time":8141.999336,"gen_conf":{"lang":"Ohua","#graphs":1,"#levels":20,"level_width":4,"%ifs":0.9250000000000002,"seed":300909,"inline_if":true}},{"fetches":39,"rounds":12,"levels":20,"read_requests":39,"write_requests":0,"time":6305.402593,"gen_conf":{"lang":"Ohua","#graphs":1,"#levels":20,"level_width":4,"%ifs":0.9500000000000002,"seed":300909,"inline_if":false}},{"fetches":31,"rounds":15,"levels":20,"read_requests":31,"write_requests":0,"time":8023.527516,"gen_conf":{"lang":"Ohua","#graphs":1,"#levels":20,"level_width":4,"%ifs":0.9500000000000002,"seed":300909,"inline_if":true}},{"fetches":39,"rounds":12,"levels":20,"read_requests":39,"write_requests":0,"time":6318.294911,"gen_conf":{"lang":"Ohua","#graphs":1,"#levels":20,"level_width":4,"%ifs":0.9750000000000002,"seed":300909,"inline_if":false}},{"fetches":31,"rounds":15,"levels":20,"read_requests":31,"write_requests":0,"time":7973.54612,"gen_conf":{"lang":"Ohua","#graphs":1,"#levels":20,"level_width":4,"%ifs":0.9750000000000002,"seed":300909,"inline_if":true}}]