[{"fetches":33,"rounds":13,"levels":17,"read_requests":33,"write_requests":0,"time":301.190708,"gen_conf":{"lang":"Ohua","#graphs":1,"#levels":17,"level_width":4,"%ifs":0.7,"seed":123456,"inline_if":false}},{"fetches":23,"rounds":13,"levels":17,"read_requests":23,"write_requests":0,"time":269.221133,"gen_conf":{"lang":"Ohua","#graphs":1,"#levels":17,"level_width":4,"%ifs":0.7,"seed":123456,"inline_if":true}},{"fetches":33,"rounds":13,"levels":17,"read_requests":33,"write_requests":0,"time":169.338937,"gen_conf":{"lang":"Ohua","#graphs":1,"#levels":17,"level_width":4,"%ifs":0.725,"seed":123456,"inline_if":false}},{"fetches":23,"rounds":13,"levels":17,"read_requests":23,"write_requests":0,"time":196.587598,"gen_conf":{"lang":"Ohua","#graphs":1,"#levels":17,"level_width":4,"%ifs":0.725,"seed":123456,"inline_if":true}},{"fetches":33,"rounds":13,"levels":17,"read_requests":33,"write_requests":0,"time":110.245123,"gen_conf":{"lang":"Ohua","#graphs":1,"#levels":17,"level_width":4,"%ifs":0.75,"seed":123456,"inline_if":false}},{"fetches":23,"rounds":13,"levels":17,"read_requests":23,"write_requests":0,"time":179.610478,"gen_conf":{"lang":"Ohua","#graphs":1,"#levels":17,"level_width":4,"%ifs":0.75,"seed":123456,"inline_if":true}},{"fetches":33,"rounds":13,"levels":17,"read_requests":33,"write_requests":0,"time":102.004319,"gen_conf":{"lang":"Ohua","#graphs":1,"#levels":17,"level_width":4,"%ifs":0.775,"seed":123456,"inline_if":false}},{"fetches":23,"rounds":13,"levels":17,"read_requests":23,"write_requests":0,"time":224.783747,"gen_conf":{"lang":"Ohua","#graphs":1,"#levels":17,"level_width":4,"%ifs":0.775,"seed":123456,"inline_if":true}},{"fetches":36,"rounds":15,"levels":17,"read_requests":36,"write_requests":0,"time":141.631941,"gen_conf":{"lang":"Ohua","#graphs":1,"#levels":17,"level_width":4,"%ifs":0.8,"seed":123456,"inline_if":false}},{"fetches":28,"rounds":15,"levels":17,"read_requests":28,"write_requests":0,"time":309.701935,"gen_conf":{"lang":"Ohua","#graphs":1,"#levels":17,"level_width":4,"%ifs":0.8,"seed":123456,"inline_if":true}},{"fetches":36,"rounds":15,"levels":17,"read_requests":36,"write_requests":0,"time":150.97366,"gen_conf":{"lang":"Ohua","#graphs":1,"#levels":17,"level_width":4,"%ifs":0.8250000000000001,"seed":123456,"inline_if":false}},{"fetches":28,"rounds":16,"levels":17,"read_requests":28,"write_requests":0,"time":317.413279,"gen_conf":{"lang":"Ohua","#graphs":1,"#levels":17,"level_width":4,"%ifs":0.8250000000000001,"seed":123456,"inline_if":true}},{"fetches":36,"rounds":15,"levels":17,"read_requests":36,"write_requests":0,"time":136.51369,"gen_conf":{"lang":"Ohua","#graphs":1,"#levels":17,"level_width":4,"%ifs":0.8500000000000001,"seed":123456,"inline_if":false}},{"fetches":28,"rounds":15,"levels":17,"read_requests":28,"write_requests":0,"time":490.140796,"gen_conf":{"lang":"Ohua","#graphs":1,"#levels":17,"level_width":4,"%ifs":0.8500000000000001,"seed":123456,"inline_if":true}},{"fetches":36,"rounds":15,"levels":17,"read_requests":36,"write_requests":0,"time":127.09859,"gen_conf":{"lang":"Ohua","#graphs":1,"#levels":17,"level_width":4,"%ifs":0.8750000000000001,"seed":123456,"inline_if":false}},{"fetches":28,"rounds":15,"levels":17,"read_requests":28,"write_requests":0,"time":456.221249,"gen_conf":{"lang":"Ohua","#graphs":1,"#levels":17,"level_width":4,"%ifs":0.8750000000000001,"seed":123456,"inline_if":true}},{"fetches":36,"rounds":15,"levels":17,"read_requests":36,"write_requests":0,"time":123.578681,"gen_conf":{"lang":"Ohua","#graphs":1,"#levels":17,"level_width":4,"%ifs":0.9000000000000001,"seed":123456,"inline_if":false}},{"fetches":28,"rounds":15,"levels":17,"read_requests":28,"write_requests":0,"time":325.585268,"gen_conf":{"lang":"Ohua","#graphs":1,"#levels":17,"level_width":4,"%ifs":0.9000000000000001,"seed":123456,"inline_if":true}},{"fetches":36,"rounds":15,"levels":17,"read_requests":36,"write_requests":0,"time":127.542748,"gen_conf":{"lang":"Ohua","#graphs":1,"#levels":17,"level_width":4,"%ifs":0.9250000000000002,"seed":123456,"inline_if":false}},{"fetches":28,"rounds":15,"levels":17,"read_requests":28,"write_requests":0,"time":323.934302,"gen_conf":{"lang":"Ohua","#graphs":1,"#levels":17,"level_width":4,"%ifs":0.9250000000000002,"seed":123456,"inline_if":true}},{"fetches":36,"rounds":15,"levels":17,"read_requests":36,"write_requests":0,"time":123.704053,"gen_conf":{"lang":"Ohua","#graphs":1,"#levels":17,"level_width":4,"%ifs":0.9500000000000002,"seed":123456,"inline_if":false}},{"fetches":28,"rounds":15,"levels":17,"read_requests":28,"write_requests":0,"time":354.301941,"gen_conf":{"lang":"Ohua","#graphs":1,"#levels":17,"level_width":4,"%ifs":0.9500000000000002,"seed":123456,"inline_if":true}},{"fetches":36,"rounds":15,"levels":17,"read_requests":36,"write_requests":0,"time":174.225532,"gen_conf":{"lang":"Ohua","#graphs":1,"#levels":17,"level_width":4,"%ifs":0.9750000000000002,"seed":123456,"inline_if":false}},{"fetches":28,"rounds":15,"levels":17,"read_requests":28,"write_requests":0,"time":417.799916,"gen_conf":{"lang":"Ohua","#graphs":1,"#levels":17,"level_width":4,"%ifs":0.9750000000000002,"seed":123456,"inline_if":true}},{"fetches":31,"rounds":12,"levels":17,"read_requests":31,"write_requests":0,"time":67.445265,"gen_conf":{"lang":"Ohua","#graphs":1,"#levels":17,"level_width":4,"%ifs":0.7,"seed":234567,"inline_if":false}},{"fetches":27,"rounds":13,"levels":17,"read_requests":27,"write_requests":0,"time":171.014279,"gen_conf":{"lang":"Ohua","#graphs":1,"#levels":17,"level_width":4,"%ifs":0.7,"seed":234567,"inline_if":true}},{"fetches":31,"rounds":12,"levels":17,"read_requests":31,"write_requests":0,"time":65.657719,"gen_conf":{"lang":"Ohua","#graphs":1,"#levels":17,"level_width":4,"%ifs":0.725,"seed":234567,"inline_if":false}},{"fetches":27,"rounds":13,"levels":17,"read_requests":27,"write_requests":0,"time":155.302616,"gen_conf":{"lang":"Ohua","#graphs":1,"#levels":17,"level_width":4,"%ifs":0.725,"seed":234567,"inline_if":true}},{"fetches":31,"rounds":12,"levels":17,"read_requests":31,"write_requests":0,"time":65.925407,"gen_conf":{"lang":"Ohua","#graphs":1,"#levels":17,"level_width":4,"%ifs":0.75,"seed":234567,"inline_if":false}},{"fetches":27,"rounds":12,"levels":17,"read_requests":27,"write_requests":0,"time":183.50697,"gen_conf":{"lang":"Ohua","#graphs":1,"#levels":17,"level_width":4,"%ifs":0.75,"seed":234567,"inline_if":true}},{"fetches":31,"rounds":12,"levels":17,"read_requests":31,"write_requests":0,"time":66.347443,"gen_conf":{"lang":"Ohua","#graphs":1,"#levels":17,"level_width":4,"%ifs":0.775,"seed":234567,"inline_if":false}},{"fetches":27,"rounds":12,"levels":17,"read_requests":27,"write_requests":0,"time":179.090957,"gen_conf":{"lang":"Ohua","#graphs":1,"#levels":17,"level_width":4,"%ifs":0.775,"seed":234567,"inline_if":true}},{"fetches":31,"rounds":12,"levels":17,"read_requests":31,"write_requests":0,"time":65.806029,"gen_conf":{"lang":"Ohua","#graphs":1,"#levels":17,"level_width":4,"%ifs":0.8,"seed":234567,"inline_if":false}},{"fetches":27,"rounds":13,"levels":17,"read_requests":27,"write_requests":0,"time":162.732099,"gen_conf":{"lang":"Ohua","#graphs":1,"#levels":17,"level_width":4,"%ifs":0.8,"seed":234567,"inline_if":true}},{"fetches":31,"rounds":12,"levels":17,"read_requests":31,"write_requests":0,"time":68.114602,"gen_conf":{"lang":"Ohua","#graphs":1,"#levels":17,"level_width":4,"%ifs":0.8250000000000001,"seed":234567,"inline_if":false}},{"fetches":27,"rounds":13,"levels":17,"read_requests":27,"write_requests":0,"time":202.065783,"gen_conf":{"lang":"Ohua","#graphs":1,"#levels":17,"level_width":4,"%ifs":0.8250000000000001,"seed":234567,"inline_if":true}},{"fetches":31,"rounds":12,"levels":17,"read_requests":31,"write_requests":0,"time":65.002188,"gen_conf":{"lang":"Ohua","#graphs":1,"#levels":17,"level_width":4,"%ifs":0.8500000000000001,"seed":234567,"inline_if":false}},{"fetches":27,"rounds":13,"levels":17,"read_requests":27,"write_requests":0,"time":151.893712,"gen_conf":{"lang":"Ohua","#graphs":1,"#levels":17,"level_width":4,"%ifs":0.8500000000000001,"seed":234567,"inline_if":true}},{"fetches":31,"rounds":12,"levels":17,"read_requests":31,"write_requests":0,"time":64.761285,"gen_conf":{"lang":"Ohua","#graphs":1,"#levels":17,"level_width":4,"%ifs":0.8750000000000001,"seed":234567,"inline_if":false}},{"fetches":27,"rounds":13,"levels":17,"read_requests":27,"write_requests":0,"time":167.474652,"gen_conf":{"lang":"Ohua","#graphs":1,"#levels":17,"level_width":4,"%ifs":0.8750000000000001,"seed":234567,"inline_if":true}},{"fetches":31,"rounds":12,"levels":17,"read_requests":31,"write_requests":0,"time":65.584587,"gen_conf":{"lang":"Ohua","#graphs":1,"#levels":17,"level_width":4,"%ifs":0.9000000000000001,"seed":234567,"inline_if":false}},{"fetches":27,"rounds":13,"levels":17,"read_requests":27,"write_requests":0,"time":153.290011,"gen_conf":{"lang":"Ohua","#graphs":1,"#levels":17,"level_width":4,"%ifs":0.9000000000000001,"seed":234567,"inline_if":true}},{"fetches":31,"rounds":12,"levels":17,"read_requests":31,"write_requests":0,"time":64.963186,"gen_conf":{"lang":"Ohua","#graphs":1,"#levels":17,"level_width":4,"%ifs":0.9250000000000002,"seed":234567,"inline_if":false}},{"fetches":27,"rounds":13,"levels":17,"read_requests":27,"write_requests":0,"time":161.618877,"gen_conf":{"lang":"Ohua","#graphs":1,"#levels":17,"level_width":4,"%ifs":0.9250000000000002,"seed":234567,"inline_if":true}},{"fetches":31,"rounds":12,"levels":17,"read_requests":31,"write_requests":0,"time":64.958295,"gen_conf":{"lang":"Ohua","#graphs":1,"#levels":17,"level_width":4,"%ifs":0.9500000000000002,"seed":234567,"inline_if":false}},{"fetches":27,"rounds":13,"levels":17,"read_requests":27,"write_requests":0,"time":161.074318,"gen_conf":{"lang":"Ohua","#graphs":1,"#levels":17,"level_width":4,"%ifs":0.9500000000000002,"seed":234567,"inline_if":true}},{"fetches":31,"rounds":12,"levels":17,"read_requests":31,"write_requests":0,"time":64.200876,"gen_conf":{"lang":"Ohua","#graphs":1,"#levels":17,"level_width":4,"%ifs":0.9750000000000002,"seed":234567,"inline_if":false}},{"fetches":27,"rounds":13,"levels":17,"read_requests":27,"write_requests":0,"time":164.959115,"gen_conf":{"lang":"Ohua","#graphs":1,"#levels":17,"level_width":4,"%ifs":0.9750000000000002,"seed":234567,"inline_if":true}},{"fetches":19,"rounds":10,"levels":17,"read_requests":19,"write_requests":0,"time":36.669687,"gen_conf":{"lang":"Ohua","#graphs":1,"#levels":17,"level_width":4,"%ifs":0.7,"seed":111111,"inline_if":false}},{"fetches":16,"rounds":11,"levels":17,"read_requests":16,"write_requests":0,"time":45.579543,"gen_conf":{"lang":"Ohua","#graphs":1,"#levels":17,"level_width":4,"%ifs":0.7,"seed":111111,"inline_if":true}},{"fetches":19,"rounds":10,"levels":17,"read_requests":19,"write_requests":0,"time":35.074852,"gen_conf":{"lang":"Ohua","#graphs":1,"#levels":17,"level_width":4,"%ifs":0.725,"seed":111111,"inline_if":false}},{"fetches":16,"rounds":11,"levels":17,"read_requests":16,"write_requests":0,"time":41.42082,"gen_conf":{"lang":"Ohua","#graphs":1,"#levels":17,"level_width":4,"%ifs":0.725,"seed":111111,"inline_if":true}},{"fetches":19,"rounds":10,"levels":17,"read_requests":19,"write_requests":0,"time":35.954744,"gen_conf":{"lang":"Ohua","#graphs":1,"#levels":17,"level_width":4,"%ifs":0.75,"seed":111111,"inline_if":false}},{"fetches":16,"rounds":11,"levels":17,"read_requests":16,"write_requests":0,"time":41.455401,"gen_conf":{"lang":"Ohua","#graphs":1,"#levels":17,"level_width":4,"%ifs":0.75,"seed":111111,"inline_if":true}},{"fetches":19,"rounds":10,"levels":17,"read_requests":19,"write_requests":0,"time":48.850375,"gen_conf":{"lang":"Ohua","#graphs":1,"#levels":17,"level_width":4,"%ifs":0.775,"seed":111111,"inline_if":false}},{"fetches":16,"rounds":11,"levels":17,"read_requests":16,"write_requests":0,"time":42.764701,"gen_conf":{"lang":"Ohua","#graphs":1,"#levels":17,"level_width":4,"%ifs":0.775,"seed":111111,"inline_if":true}},{"fetches":29,"rounds":10,"levels":17,"read_requests":29,"write_requests":0,"time":72.704561,"gen_conf":{"lang":"Ohua","#graphs":1,"#levels":17,"level_width":4,"%ifs":0.8,"seed":111111,"inline_if":false}},{"fetches":22,"rounds":10,"levels":17,"read_requests":22,"write_requests":0,"time":95.190506,"gen_conf":{"lang":"Ohua","#graphs":1,"#levels":17,"level_width":4,"%ifs":0.8,"seed":111111,"inline_if":true}},{"fetches":29,"rounds":10,"levels":17,"read_requests":29,"write_requests":0,"time":71.20172,"gen_conf":{"lang":"Ohua","#graphs":1,"#levels":17,"level_width":4,"%ifs":0.8250000000000001,"seed":111111,"inline_if":false}},{"fetches":22,"rounds":10,"levels":17,"read_requests":22,"write_requests":0,"time":95.718842,"gen_conf":{"lang":"Ohua","#graphs":1,"#levels":17,"level_width":4,"%ifs":0.8250000000000001,"seed":111111,"inline_if":true}},{"fetches":29,"rounds":10,"levels":17,"read_requests":29,"write_requests":0,"time":70.337414,"gen_conf":{"lang":"Ohua","#graphs":1,"#levels":17,"level_width":4,"%ifs":0.8500000000000001,"seed":111111,"inline_if":false}},{"fetches":22,"rounds":10,"levels":17,"read_requests":22,"write_requests":0,"time":146.036385,"gen_conf":{"lang":"Ohua","#graphs":1,"#levels":17,"level_width":4,"%ifs":0.8500000000000001,"seed":111111,"inline_if":true}},{"fetches":29,"rounds":10,"levels":17,"read_requests":29,"write_requests":0,"time":70.331539,"gen_conf":{"lang":"Ohua","#graphs":1,"#levels":17,"level_width":4,"%ifs":0.8750000000000001,"seed":111111,"inline_if":false}},{"fetches":22,"rounds":10,"levels":17,"read_requests":22,"write_requests":0,"time":98.470735,"gen_conf":{"lang":"Ohua","#graphs":1,"#levels":17,"level_width":4,"%ifs":0.8750000000000001,"seed":111111,"inline_if":true}},{"fetches":30,"rounds":10,"levels":17,"read_requests":30,"write_requests":0,"time":78.907602,"gen_conf":{"lang":"Ohua","#graphs":1,"#levels":17,"level_width":4,"%ifs":0.9000000000000001,"seed":111111,"inline_if":false}},{"fetches":22,"rounds":11,"levels":17,"read_requests":22,"write_requests":0,"time":104.591356,"gen_conf":{"lang":"Ohua","#graphs":1,"#levels":17,"level_width":4,"%ifs":0.9000000000000001,"seed":111111,"inline_if":true}},{"fetches":30,"rounds":10,"levels":17,"read_requests":30,"write_requests":0,"time":90.066757,"gen_conf":{"lang":"Ohua","#graphs":1,"#levels":17,"level_width":4,"%ifs":0.9250000000000002,"seed":111111,"inline_if":false}},{"fetches":22,"rounds":11,"levels":17,"read_requests":22,"write_requests":0,"time":104.48813,"gen_conf":{"lang":"Ohua","#graphs":1,"#levels":17,"level_width":4,"%ifs":0.9250000000000002,"seed":111111,"inline_if":true}},{"fetches":30,"rounds":10,"levels":17,"read_requests":30,"write_requests":0,"time":76.529746,"gen_conf":{"lang":"Ohua","#graphs":1,"#levels":17,"level_width":4,"%ifs":0.9500000000000002,"seed":111111,"inline_if":false}},{"fetches":22,"rounds":11,"levels":17,"read_requests":22,"write_requests":0,"time":103.222299,"gen_conf":{"lang":"Ohua","#graphs":1,"#levels":17,"level_width":4,"%ifs":0.9500000000000002,"seed":111111,"inline_if":true}},{"fetches":30,"rounds":10,"levels":17,"read_requests":30,"write_requests":0,"time":85.868573,"gen_conf":{"lang":"Ohua","#graphs":1,"#levels":17,"level_width":4,"%ifs":0.9750000000000002,"seed":111111,"inline_if":false}},{"fetches":22,"rounds":11,"levels":17,"read_requests":22,"write_requests":0,"time":102.196346,"gen_conf":{"lang":"Ohua","#graphs":1,"#levels":17,"level_width":4,"%ifs":0.9750000000000002,"seed":111111,"inline_if":true}},{"fetches":52,"rounds":13,"levels":17,"read_requests":52,"write_requests":0,"time":358.73624,"gen_conf":{"lang":"Ohua","#graphs":1,"#levels":17,"level_width":4,"%ifs":0.7,"seed":67890,"inline_if":false}},{"fetches":29,"rounds":13,"levels":17,"read_requests":29,"write_requests":0,"time":13795.467202,"gen_conf":{"lang":"Ohua","#graphs":1,"#levels":17,"level_width":4,"%ifs":0.7,"seed":67890,"inline_if":true}},{"fetches":52,"rounds":13,"levels":17,"read_requests":52,"write_requests":0,"time":349.790876,"gen_conf":{"lang":"Ohua","#graphs":1,"#levels":17,"level_width":4,"%ifs":0.725,"seed":67890,"inline_if":false}},{"fetches":29,"rounds":13,"levels":17,"read_requests":29,"write_requests":0,"time":2296.309183,"gen_conf":{"lang":"Ohua","#graphs":1,"#levels":17,"level_width":4,"%ifs":0.725,"seed":67890,"inline_if":true}},{"fetches":52,"rounds":13,"levels":17,"read_requests":52,"write_requests":0,"time":347.390006,"gen_conf":{"lang":"Ohua","#graphs":1,"#levels":17,"level_width":4,"%ifs":0.75,"seed":67890,"inline_if":false}},{"fetches":29,"rounds":13,"levels":17,"read_requests":29,"write_requests":0,"time":5095.678183,"gen_conf":{"lang":"Ohua","#graphs":1,"#levels":17,"level_width":4,"%ifs":0.75,"seed":67890,"inline_if":true}},{"fetches":52,"rounds":13,"levels":17,"read_requests":52,"write_requests":0,"time":350.18824,"gen_conf":{"lang":"Ohua","#graphs":1,"#levels":17,"level_width":4,"%ifs":0.775,"seed":67890,"inline_if":false}},{"fetches":29,"rounds":13,"levels":17,"read_requests":29,"write_requests":0,"time":12033.871661,"gen_conf":{"lang":"Ohua","#graphs":1,"#levels":17,"level_width":4,"%ifs":0.775,"seed":67890,"inline_if":true}},{"fetches":52,"rounds":13,"levels":17,"read_requests":52,"write_requests":0,"time":355.784045,"gen_conf":{"lang":"Ohua","#graphs":1,"#levels":17,"level_width":4,"%ifs":0.8,"seed":67890,"inline_if":false}},{"fetches":29,"rounds":13,"levels":17,"read_requests":29,"write_requests":0,"time":3138.213216,"gen_conf":{"lang":"Ohua","#graphs":1,"#levels":17,"level_width":4,"%ifs":0.8,"seed":67890,"inline_if":true}},{"fetches":52,"rounds":13,"levels":17,"read_requests":52,"write_requests":0,"time":350.23578,"gen_conf":{"lang":"Ohua","#graphs":1,"#levels":17,"level_width":4,"%ifs":0.8250000000000001,"seed":67890,"inline_if":false}},{"fetches":29,"rounds":13,"levels":17,"read_requests":29,"write_requests":0,"time":10615.726881,"gen_conf":{"lang":"Ohua","#graphs":1,"#levels":17,"level_width":4,"%ifs":0.8250000000000001,"seed":67890,"inline_if":true}},{"fetches":52,"rounds":13,"levels":17,"read_requests":52,"write_requests":0,"time":347.189713,"gen_conf":{"lang":"Ohua","#graphs":1,"#levels":17,"level_width":4,"%ifs":0.8500000000000001,"seed":67890,"inline_if":false}},{"fetches":29,"rounds":13,"levels":17,"read_requests":29,"write_requests":0,"time":12533.300917,"gen_conf":{"lang":"Ohua","#graphs":1,"#levels":17,"level_width":4,"%ifs":0.8500000000000001,"seed":67890,"inline_if":true}},{"fetches":52,"rounds":13,"levels":17,"read_requests":52,"write_requests":0,"time":352.271704,"gen_conf":{"lang":"Ohua","#graphs":1,"#levels":17,"level_width":4,"%ifs":0.8750000000000001,"seed":67890,"inline_if":false}},{"fetches":29,"rounds":13,"levels":17,"read_requests":29,"write_requests":0,"time":20377.632322,"gen_conf":{"lang":"Ohua","#graphs":1,"#levels":17,"level_width":4,"%ifs":0.8750000000000001,"seed":67890,"inline_if":true}},{"fetches":52,"rounds":13,"levels":17,"read_requests":52,"write_requests":0,"time":360.351944,"gen_conf":{"lang":"Ohua","#graphs":1,"#levels":17,"level_width":4,"%ifs":0.9000000000000001,"seed":67890,"inline_if":false}},{"fetches":29,"rounds":13,"levels":17,"read_requests":29,"write_requests":0,"time":12843.959609,"gen_conf":{"lang":"Ohua","#graphs":1,"#levels":17,"level_width":4,"%ifs":0.9000000000000001,"seed":67890,"inline_if":true}},{"fetches":58,"rounds":14,"levels":17,"read_requests":58,"write_requests":0,"time":451.428437,"gen_conf":{"lang":"Ohua","#graphs":1,"#levels":17,"level_width":4,"%ifs":0.9250000000000002,"seed":67890,"inline_if":false}},{"fetches":38,"rounds":16,"levels":17,"read_requests":38,"write_requests":0,"time":11180.386636,"gen_conf":{"lang":"Ohua","#graphs":1,"#levels":17,"level_width":4,"%ifs":0.9250000000000002,"seed":67890,"inline_if":true}},{"fetches":58,"rounds":15,"levels":17,"read_requests":58,"write_requests":0,"time":680.678992,"gen_conf":{"lang":"Ohua","#graphs":1,"#levels":17,"level_width":4,"%ifs":0.9500000000000002,"seed":67890,"inline_if":false}},{"fetches":36,"rounds":17,"levels":17,"read_requests":36,"write_requests":0,"time":15653.93251,"gen_conf":{"lang":"Ohua","#graphs":1,"#levels":17,"level_width":4,"%ifs":0.9500000000000002,"seed":67890,"inline_if":true}},{"fetches":58,"rounds":15,"levels":17,"read_requests":58,"write_requests":0,"time":688.912852,"gen_conf":{"lang":"Ohua","#graphs":1,"#levels":17,"level_width":4,"%ifs":0.9750000000000002,"seed":67890,"inline_if":false}},{"fetches":36,"rounds":17,"levels":17,"read_requests":36,"write_requests":0,"time":3626.864799,"gen_conf":{"lang":"Ohua","#graphs":1,"#levels":17,"level_width":4,"%ifs":0.9750000000000002,"seed":67890,"inline_if":true}}]