[{"fetches":22,"rounds":8,"levels":10,"read_requests":22,"write_requests":0,"time":4128.146959,"gen_conf":{"lang":"Ohua","#graphs":1,"#levels":10,"%funs":0.1,"seed":123456}},{"fetches":36,"rounds":11,"levels":10,"read_requests":36,"write_requests":0,"time":5615.114778,"gen_conf":{"lang":"Ohua","#graphs":1,"#levels":10,"%funs":0.2,"seed":123456}},{"fetches":59,"rounds":11,"levels":10,"read_requests":59,"write_requests":0,"time":5695.699178,"gen_conf":{"lang":"Ohua","#graphs":1,"#levels":10,"%funs":0.3,"seed":123456}},{"fetches":72,"rounds":11,"levels":10,"read_requests":74,"write_requests":0,"time":5774.702489,"gen_conf":{"lang":"Ohua","#graphs":1,"#levels":10,"%funs":0.4,"seed":123456}},{"fetches":17,"rounds":8,"levels":10,"read_requests":17,"write_requests":0,"time":4046.882072,"gen_conf":{"lang":"Ohua","#graphs":1,"#levels":10,"%funs":0.1,"seed":234567}},{"fetches":38,"rounds":11,"levels":10,"read_requests":38,"write_requests":0,"time":5616.321348,"gen_conf":{"lang":"Ohua","#graphs":1,"#levels":10,"%funs":0.2,"seed":234567}},{"fetches":40,"rounds":10,"levels":10,"read_requests":41,"write_requests":0,"time":5099.269482,"gen_conf":{"lang":"Ohua","#graphs":1,"#levels":10,"%funs":0.3,"seed":234567}},{"fetches":70,"rounds":12,"levels":10,"read_requests":70,"write_requests":0,"time":6207.891006,"gen_conf":{"lang":"Ohua","#graphs":1,"#levels":10,"%funs":0.4,"seed":234567}}]